,instance,"OVERALL, RunTime(ms)","OVERALL, Throughput(ops/sec)","TOTAL_GCS_G1_Young_Generation, Count","TOTAL_GC_TIME_G1_Young_Generation, Time(ms)","TOTAL_GC_TIME_%_G1_Young_Generation, Time(%)","TOTAL_GCS_G1_Old_Generation, Count","TOTAL_GC_TIME_G1_Old_Generation, Time(ms)","TOTAL_GC_TIME_%_G1_Old_Generation, Time(%)","TOTAL_GCs, Count","TOTAL_GC_TIME, Time(ms)","TOTAL_GC_TIME_%, Time(%)","READ, Operations","READ, AverageLatency(us)","READ, MinLatency(us)","READ, MaxLatency(us)","READ, 95thPercentileLatency(us)","READ, 99thPercentileLatency(us)","READ, Return=OK","READ, Return=ERROR","CLEANUP, Operations","CLEANUP, AverageLatency(us)","CLEANUP, MinLatency(us)","CLEANUP, MaxLatency(us)","CLEANUP, 95thPercentileLatency(us)","CLEANUP, 99thPercentileLatency(us)","INSERT, Operations","INSERT, AverageLatency(us)","INSERT, MinLatency(us)","INSERT, MaxLatency(us)","INSERT, 95thPercentileLatency(us)","INSERT, 99thPercentileLatency(us)","INSERT, Return=OK","READ-FAILED, Operations","READ-FAILED, AverageLatency(us)","READ-FAILED, MinLatency(us)","READ-FAILED, MaxLatency(us)","READ-FAILED, 95thPercentileLatency(us)","READ-FAILED, 99thPercentileLatency(us)",source
0,unikernel_50i,9497.0,105.29640939243971,0.0,0.0,0.0,0.0,0.0,0.0,0.0,0.0,0.0,98.0,6048.081632653061,4196.0,11607.0,8431.0,10271.0,98.0,383.0,1.0,1120.0,1120.0,1120.0,1120.0,1120.0,519.0,12351.167630057804,8320.0,24607.0,17119.0,19583.0,519.0,383.0,6155.287206266318,3340.0,11895.0,8727.0,10663.0,unikernel_falloc
1,unikernel_50i,10202.0,98.01999607920015,0.0,0.0,0.0,0.0,0.0,0.0,0.0,0.0,0.0,74.0,5880.783783783784,3178.0,14655.0,7435.0,8263.0,74.0,410.0,1.0,1171.0,1171.0,1171.0,1171.0,1171.0,516.0,12908.503875968992,6956.0,152319.0,14623.0,17967.0,516.0,410.0,7206.578048780488,2394.0,162943.0,7799.0,11375.0,unikernel_falloc
2,unikernel_50i,10218.0,97.86651008025053,0.0,0.0,0.0,0.0,0.0,0.0,0.0,0.0,0.0,84.0,5524.261904761905,2912.0,8711.0,7623.0,8599.0,84.0,419.0,1.0,1099.0,1099.0,1099.0,1099.0,1099.0,497.0,11718.269617706237,7440.0,209407.0,14039.0,27343.0,497.0,419.0,5492.739856801909,3204.0,26559.0,7551.0,11527.0,unikernel_falloc
3,unikernel_50i,8917.0,112.145340361108,0.0,0.0,0.0,0.0,0.0,0.0,0.0,0.0,0.0,87.0,6050.471264367816,4054.0,14407.0,8091.0,8767.0,87.0,414.0,1.0,1218.0,1218.0,1218.0,1218.0,1218.0,499.0,11660.745490981964,6684.0,21103.0,14479.0,16095.0,499.0,414.0,5851.712560386473,2792.0,19871.0,7779.0,8759.0,unikernel_falloc
4,unikernel_50i,8875.0,112.67605633802818,0.0,0.0,0.0,0.0,0.0,0.0,0.0,0.0,0.0,88.0,5911.306818181818,2864.0,9919.0,8023.0,9255.0,88.0,424.0,1.0,2063.0,2062.0,2063.0,2063.0,2063.0,488.0,11679.069672131147,6256.0,18783.0,14759.0,16263.0,488.0,424.0,5793.073113207547,2408.0,10807.0,7923.0,9895.0,unikernel_falloc
5,unikernel_50i,9479.0,105.49636037556704,0.0,0.0,0.0,0.0,0.0,0.0,0.0,0.0,0.0,91.0,5257.0989010989015,3136.0,9015.0,6603.0,7571.0,91.0,424.0,1.0,1328.0,1328.0,1328.0,1328.0,1328.0,485.0,10671.59175257732,6208.0,36991.0,13743.0,16687.0,485.0,424.0,5415.445754716981,2106.0,42591.0,7435.0,10783.0,unikernel_falloc
6,unikernel_50i,8822.0,113.35298118340512,0.0,0.0,0.0,0.0,0.0,0.0,0.0,0.0,0.0,87.0,5864.563218390805,4092.0,9151.0,7955.0,8935.0,87.0,422.0,1.0,1128.0,1128.0,1128.0,1128.0,1128.0,491.0,11629.633401221996,7636.0,19359.0,14591.0,16111.0,491.0,422.0,5817.4834123222745,3624.0,23695.0,7907.0,10047.0,unikernel_falloc
7,unikernel_50i,9186.0,108.86131069018072,0.0,0.0,0.0,0.0,0.0,0.0,0.0,0.0,0.0,78.0,5989.192307692308,2578.0,31903.0,7695.0,8743.0,78.0,419.0,1.0,1192.0,1192.0,1192.0,1192.0,1192.0,503.0,12090.397614314115,4992.0,128383.0,14575.0,30623.0,503.0,419.0,5916.131264916467,2618.0,128255.0,8051.0,12311.0,unikernel_falloc
8,unikernel_50i,10517.0,95.08414947228297,0.0,0.0,0.0,0.0,0.0,0.0,0.0,0.0,0.0,83.0,5496.156626506024,3536.0,8607.0,6967.0,7755.0,83.0,404.0,1.0,1157.0,1157.0,1157.0,1157.0,1157.0,513.0,11080.109161793373,7368.0,49919.0,13871.0,19183.0,513.0,404.0,6447.25,2658.0,187391.0,7611.0,11063.0,unikernel_falloc
9,unikernel_50i,9106.0,109.81770261366133,0.0,0.0,0.0,0.0,0.0,0.0,0.0,0.0,0.0,100.0,6262.77,2702.0,12447.0,9023.0,10927.0,100.0,410.0,1.0,1397.0,1397.0,1397.0,1397.0,1397.0,490.0,11962.061224489797,6068.0,21023.0,16399.0,19695.0,490.0,410.0,6049.046341463415,2834.0,12383.0,8695.0,10479.0,unikernel_falloc
10,unikernel_50i,10885.0,91.86954524575103,0.0,0.0,0.0,0.0,0.0,0.0,0.0,0.0,0.0,84.0,6175.988095238095,4064.0,10919.0,8487.0,9319.0,84.0,421.0,1.0,1287.0,1287.0,1287.0,1287.0,1287.0,495.0,14309.684848484849,6948.0,155775.0,14999.0,144895.0,495.0,421.0,7421.41567695962,2690.0,148991.0,8855.0,70655.0,unikernel_falloc
11,unikernel_50i,9152.0,109.26573426573427,0.0,0.0,0.0,0.0,0.0,0.0,0.0,0.0,0.0,95.0,5798.631578947368,3094.0,8767.0,8231.0,8623.0,95.0,386.0,1.0,1196.0,1196.0,1196.0,1196.0,1196.0,519.0,11854.19267822736,6764.0,21439.0,15999.0,17983.0,519.0,386.0,5967.515544041451,2810.0,12735.0,8423.0,11183.0,unikernel_falloc
12,unikernel_50i,10161.0,98.41551028442082,0.0,0.0,0.0,0.0,0.0,0.0,0.0,0.0,0.0,86.0,5465.930232558139,3768.0,7895.0,7343.0,7755.0,86.0,465.0,1.0,1297.0,1297.0,1297.0,1297.0,1297.0,449.0,11835.81737193764,7496.0,171263.0,14175.0,48735.0,449.0,465.0,5613.169892473118,2846.0,49023.0,7559.0,13399.0,unikernel_falloc
13,unikernel_50i,8703.0,114.9029070435482,0.0,0.0,0.0,0.0,0.0,0.0,0.0,0.0,0.0,84.0,5579.5952380952385,3776.0,8167.0,6679.0,7471.0,84.0,430.0,1.0,1006.0,1006.0,1006.0,1006.0,1006.0,486.0,11569.28806584362,8152.0,24015.0,13759.0,15215.0,486.0,430.0,5731.462790697675,3382.0,11639.0,7595.0,8911.0,unikernel_falloc
14,unikernel_50i,8745.0,114.35105774728416,0.0,0.0,0.0,0.0,0.0,0.0,0.0,0.0,0.0,75.0,5785.333333333333,4006.0,9279.0,7907.0,8807.0,75.0,443.0,1.0,1245.0,1245.0,1245.0,1245.0,1245.0,482.0,11689.290456431536,6012.0,24463.0,14263.0,16191.0,482.0,443.0,5723.783295711061,3182.0,11959.0,7623.0,8727.0,unikernel_falloc
15,unikernel_50i,8996.0,111.16051578479325,0.0,0.0,0.0,0.0,0.0,0.0,0.0,0.0,0.0,98.0,6068.3877551020405,3196.0,9679.0,8367.0,9479.0,98.0,407.0,1.0,2061.0,2060.0,2061.0,2061.0,2061.0,495.0,11875.866666666667,6216.0,29967.0,15447.0,17631.0,495.0,407.0,5797.07371007371,2208.0,25503.0,7695.0,9895.0,unikernel_falloc
16,unikernel_50i,9099.0,109.90218705352237,0.0,0.0,0.0,0.0,0.0,0.0,0.0,0.0,0.0,91.0,6029.494505494506,4252.0,8783.0,7823.0,8735.0,91.0,433.0,1.0,1202.0,1202.0,1202.0,1202.0,1202.0,476.0,12207.247899159664,7644.0,30127.0,16319.0,18671.0,476.0,433.0,6006.588914549654,3002.0,16311.0,8367.0,10655.0,unikernel_falloc
17,unikernel_50i,9028.0,110.76650420912716,0.0,0.0,0.0,0.0,0.0,0.0,0.0,0.0,0.0,83.0,6046.265060240964,4240.0,12055.0,8887.0,10759.0,83.0,401.0,1.0,2109.0,2108.0,2109.0,2109.0,2109.0,516.0,11650.992248062015,6980.0,19775.0,14207.0,15663.0,516.0,401.0,5851.451371571073,3124.0,12159.0,7775.0,9567.0,unikernel_falloc
18,unikernel_50i,9300.0,107.52688172043011,0.0,0.0,0.0,0.0,0.0,0.0,0.0,0.0,0.0,100.0,5794.96,2264.0,30255.0,7615.0,13191.0,100.0,385.0,1.0,1317.0,1317.0,1317.0,1317.0,1317.0,515.0,12125.774757281553,5572.0,159615.0,15191.0,48191.0,515.0,385.0,5967.290909090909,2030.0,99583.0,7659.0,17855.0,unikernel_falloc
19,unikernel_50i,9018.0,110.88933244621867,0.0,0.0,0.0,0.0,0.0,0.0,0.0,0.0,0.0,97.0,6141.2474226804125,2606.0,10271.0,9111.0,9519.0,97.0,380.0,1.0,1297.0,1297.0,1297.0,1297.0,1297.0,523.0,11652.63862332696,6572.0,19455.0,15455.0,17983.0,523.0,380.0,5722.263157894737,2816.0,12311.0,8099.0,9143.0,unikernel_falloc
20,unikernel_50i,9962.0,100.3814495081309,0.0,0.0,0.0,0.0,0.0,0.0,0.0,0.0,0.0,74.0,6173.148648648648,2998.0,22895.0,10943.0,17759.0,74.0,409.0,1.0,1221.0,1221.0,1221.0,1221.0,1221.0,517.0,12887.071566731142,4140.0,289535.0,17567.0,67327.0,517.0,409.0,6356.61369193154,2130.0,138751.0,9823.0,35359.0,unikernel_falloc
21,unikernel_50i,8377.0,119.3744777366599,0.0,0.0,0.0,0.0,0.0,0.0,0.0,0.0,0.0,86.0,5295.03488372093,2680.0,7763.0,7183.0,7683.0,86.0,390.0,1.0,1177.0,1177.0,1177.0,1177.0,1177.0,524.0,10786.881679389313,6208.0,15711.0,13463.0,15031.0,524.0,390.0,5416.01282051282,2374.0,53375.0,7631.0,8839.0,unikernel_falloc
22,unikernel_50i,10549.0,94.79571523367144,0.0,0.0,0.0,0.0,0.0,0.0,0.0,0.0,0.0,82.0,7076.487804878048,2924.0,148479.0,7011.0,8687.0,82.0,407.0,1.0,1254.0,1254.0,1254.0,1254.0,1254.0,511.0,14366.731898238748,5956.0,157439.0,15223.0,149503.0,511.0,407.0,6018.255528255529,1942.0,95743.0,8295.0,12735.0,unikernel_falloc
23,unikernel_50i,8842.0,113.0965844831486,0.0,0.0,0.0,0.0,0.0,0.0,0.0,0.0,0.0,100.0,5875.46,4012.0,9615.0,7315.0,8359.0,100.0,402.0,1.0,1233.0,1233.0,1233.0,1233.0,1233.0,498.0,11630.726907630522,6476.0,17695.0,14215.0,15383.0,498.0,402.0,5807.917910447762,2798.0,16575.0,7859.0,8687.0,unikernel_falloc
24,unikernel_50i,8257.0,121.10936175366356,0.0,0.0,0.0,0.0,0.0,0.0,0.0,0.0,0.0,74.0,5084.108108108108,2210.0,8471.0,7403.0,7711.0,74.0,413.0,1.0,1165.0,1165.0,1165.0,1165.0,1165.0,513.0,10747.847953216375,5464.0,19775.0,13703.0,16639.0,513.0,413.0,5359.8450363196125,2252.0,12903.0,7391.0,8759.0,unikernel_falloc
25,unikernel_50i,10226.0,97.78994719342852,0.0,0.0,0.0,0.0,0.0,0.0,0.0,0.0,0.0,76.0,6468.394736842105,2638.0,71039.0,7623.0,28495.0,76.0,425.0,1.0,1292.0,1292.0,1292.0,1292.0,1292.0,499.0,13502.745490981964,6320.0,153983.0,14367.0,147071.0,499.0,425.0,6659.778823529412,2136.0,142079.0,7751.0,21967.0,unikernel_falloc
26,unikernel_50i,8928.0,112.00716845878136,0.0,0.0,0.0,0.0,0.0,0.0,0.0,0.0,0.0,85.0,5856.517647058824,3776.0,8943.0,8023.0,8687.0,85.0,392.0,1.0,1406.0,1406.0,1406.0,1406.0,1406.0,523.0,11580.898661567877,8132.0,24591.0,14007.0,15063.0,523.0,392.0,5720.084183673469,3306.0,9359.0,7475.0,8855.0,unikernel_falloc
27,unikernel_50i,8007.0,124.89072061945798,0.0,0.0,0.0,0.0,0.0,0.0,0.0,0.0,0.0,82.0,5401.707317073171,2442.0,8999.0,7835.0,8919.0,82.0,443.0,1.0,1154.0,1154.0,1154.0,1154.0,1154.0,475.0,10741.89052631579,5684.0,22479.0,13735.0,14831.0,475.0,443.0,5236.577878103837,1777.0,10847.0,7495.0,8391.0,unikernel_falloc
28,unikernel_50i,10741.0,93.10120100549297,0.0,0.0,0.0,0.0,0.0,0.0,0.0,0.0,0.0,101.0,5293.049504950495,3974.0,7567.0,7079.0,7215.0,101.0,394.0,1.0,1181.0,1181.0,1181.0,1181.0,1181.0,505.0,12489.564356435643,6536.0,461311.0,14663.0,32415.0,505.0,394.0,6125.243654822335,2902.0,60255.0,8239.0,33023.0,unikernel_falloc
29,unikernel_50i,9044.0,110.57054400707652,0.0,0.0,0.0,0.0,0.0,0.0,0.0,0.0,0.0,69.0,5847.521739130435,3974.0,8175.0,7127.0,8151.0,69.0,416.0,1.0,1855.0,1855.0,1855.0,1855.0,1855.0,515.0,11756.504854368932,6884.0,18319.0,14431.0,15775.0,515.0,416.0,5867.502403846154,3130.0,20287.0,7831.0,9375.0,unikernel_falloc
30,unikernel_50i,9098.0,109.91426687183997,0.0,0.0,0.0,0.0,0.0,0.0,0.0,0.0,0.0,88.0,5858.761363636364,3484.0,12159.0,8679.0,11239.0,88.0,407.0,1.0,1158.0,1158.0,1158.0,1158.0,1158.0,505.0,11947.037623762377,6604.0,22543.0,16119.0,19071.0,505.0,407.0,5890.712530712531,3086.0,14535.0,8119.0,9575.0,unikernel_falloc
31,unikernel_50i,10472.0,95.49274255156608,0.0,0.0,0.0,0.0,0.0,0.0,0.0,0.0,0.0,94.0,5651.510638297872,1945.0,8863.0,7651.0,8791.0,94.0,398.0,1.0,1149.0,1149.0,1149.0,1149.0,1149.0,508.0,13138.77559055118,6472.0,152319.0,14087.0,144383.0,508.0,398.0,7769.201005025126,2950.0,145919.0,7947.0,139775.0,unikernel_falloc
32,unikernel_50i,9386.0,106.54165778819518,0.0,0.0,0.0,0.0,0.0,0.0,0.0,0.0,0.0,80.0,6173.075,3006.0,11047.0,9543.0,10311.0,80.0,407.0,1.0,1181.0,1181.0,1181.0,1181.0,1181.0,513.0,12082.72514619883,6796.0,24703.0,16623.0,19087.0,513.0,407.0,6186.845208845209,2766.0,15895.0,9063.0,11175.0,unikernel_falloc
33,unikernel_50i,9520.0,105.04201680672269,0.0,0.0,0.0,0.0,0.0,0.0,0.0,0.0,0.0,79.0,5997.721518987341,2598.0,9295.0,7547.0,8823.0,79.0,443.0,1.0,1177.0,1177.0,1177.0,1177.0,1177.0,478.0,12888.677824267783,8416.0,154879.0,14695.0,18895.0,478.0,443.0,6193.44920993228,3172.0,148735.0,7675.0,8751.0,unikernel_falloc
34,unikernel_50i,8782.0,113.86927806877705,0.0,0.0,0.0,0.0,0.0,0.0,0.0,0.0,0.0,92.0,5921.608695652174,2988.0,9271.0,7919.0,9023.0,92.0,383.0,1.0,1212.0,1212.0,1212.0,1212.0,1212.0,525.0,11313.740952380953,6224.0,17071.0,14511.0,15591.0,525.0,383.0,5677.548302872063,2304.0,19215.0,7343.0,8751.0,unikernel_falloc
35,unikernel_50i,11063.0,90.39139473922083,0.0,0.0,0.0,0.0,0.0,0.0,0.0,0.0,0.0,82.0,5751.9390243902435,3682.0,9039.0,7559.0,7879.0,82.0,398.0,1.0,1151.0,1151.0,1151.0,1151.0,1151.0,520.0,14100.026923076923,7220.0,294143.0,15319.0,143743.0,520.0,398.0,7789.939698492462,3546.0,144127.0,8495.0,121983.0,unikernel_falloc
36,unikernel_50i,9132.0,109.50503723171266,0.0,0.0,0.0,0.0,0.0,0.0,0.0,0.0,0.0,81.0,6316.580246913581,2866.0,11039.0,9823.0,10751.0,81.0,428.0,1.0,1173.0,1173.0,1173.0,1173.0,1173.0,491.0,12022.688391038697,5876.0,24687.0,16751.0,19903.0,491.0,428.0,5989.021028037383,2558.0,14095.0,8575.0,10935.0,unikernel_falloc
37,unikernel_50i,8996.0,111.16051578479325,0.0,0.0,0.0,0.0,0.0,0.0,0.0,0.0,0.0,80.0,6161.0375,4054.0,9471.0,8287.0,8951.0,80.0,422.0,1.0,1446.0,1446.0,1446.0,1446.0,1446.0,498.0,11796.076305220884,6988.0,21631.0,15511.0,18127.0,498.0,422.0,5899.616113744076,2082.0,15015.0,8511.0,10583.0,unikernel_falloc
38,unikernel_50i,9412.0,106.2473438164046,0.0,0.0,0.0,0.0,0.0,0.0,0.0,0.0,0.0,73.0,7570.917808219178,3662.0,125439.0,7263.0,17679.0,73.0,398.0,1.0,1352.0,1352.0,1352.0,1352.0,1352.0,529.0,12122.37807183365,5412.0,133247.0,14831.0,21151.0,529.0,398.0,5741.409547738694,2672.0,47263.0,7327.0,9079.0,unikernel_falloc
39,unikernel_50i,8497.0,117.68859597505002,0.0,0.0,0.0,0.0,0.0,0.0,0.0,0.0,0.0,73.0,5703.630136986301,3262.0,8983.0,6935.0,8695.0,73.0,418.0,1.0,1275.0,1275.0,1275.0,1275.0,1275.0,509.0,11143.076620825148,6032.0,22495.0,13687.0,14823.0,509.0,418.0,5430.827751196172,2252.0,14991.0,6987.0,7875.0,unikernel_falloc
40,unikernel_50i,10620.0,94.16195856873823,0.0,0.0,0.0,0.0,0.0,0.0,0.0,0.0,0.0,82.0,5841.6463414634145,3644.0,10359.0,7983.0,8807.0,82.0,444.0,1.0,1271.0,1271.0,1271.0,1271.0,1271.0,474.0,13315.746835443038,7880.0,155263.0,14831.0,80319.0,474.0,444.0,8247.912162162162,3180.0,143359.0,8423.0,140543.0,unikernel_falloc
41,unikernel_50i,9064.0,110.32656663724624,0.0,0.0,0.0,0.0,0.0,0.0,0.0,0.0,0.0,85.0,6035.376470588235,3022.0,10607.0,8735.0,9447.0,85.0,406.0,1.0,1212.0,1212.0,1212.0,1212.0,1212.0,509.0,11802.212180746561,6800.0,30191.0,15447.0,18271.0,509.0,406.0,5896.369458128079,2242.0,35775.0,8399.0,10015.0,unikernel_falloc
42,unikernel_50i,9035.0,110.68068622025457,0.0,0.0,0.0,0.0,0.0,0.0,0.0,0.0,0.0,74.0,5956.972972972973,4160.0,14767.0,7579.0,8503.0,74.0,395.0,1.0,1186.0,1186.0,1186.0,1186.0,1186.0,531.0,11619.804143126177,6492.0,17519.0,14199.0,15663.0,531.0,395.0,5793.673417721519,3330.0,16039.0,7747.0,9135.0,unikernel_falloc
43,unikernel_50i,9055.0,110.43622308117062,0.0,0.0,0.0,0.0,0.0,0.0,0.0,0.0,0.0,91.0,6232.846153846154,3332.0,10903.0,9207.0,10535.0,91.0,427.0,1.0,1473.0,1473.0,1473.0,1473.0,1473.0,482.0,12121.804979253113,6268.0,24655.0,16959.0,19183.0,482.0,427.0,5843.316159250586,2528.0,20559.0,8119.0,10727.0,unikernel_falloc
44,unikernel_50i,10987.0,91.01665604805679,0.0,0.0,0.0,0.0,0.0,0.0,0.0,0.0,0.0,76.0,5916.381578947368,3768.0,10999.0,7507.0,8895.0,76.0,421.0,1.0,1085.0,1085.0,1085.0,1085.0,1085.0,503.0,14875.924453280319,7816.0,166527.0,16311.0,149887.0,503.0,421.0,6913.641330166271,3512.0,150783.0,7867.0,12335.0,unikernel_falloc
45,unikernel_50i,8867.0,112.7777151234916,0.0,0.0,0.0,0.0,0.0,0.0,0.0,0.0,0.0,82.0,5996.109756097561,4068.0,8335.0,7899.0,8319.0,82.0,429.0,1.0,1222.0,1222.0,1222.0,1222.0,1222.0,489.0,11596.961145194275,6004.0,18591.0,14191.0,15759.0,489.0,429.0,5961.135198135198,3228.0,55679.0,7699.0,9039.0,unikernel_falloc
46,unikernel_50i,8673.0,115.30035743110804,0.0,0.0,0.0,0.0,0.0,0.0,0.0,0.0,0.0,88.0,5780.988636363636,2924.0,8535.0,7007.0,7867.0,88.0,430.0,1.0,1202.0,1202.0,1202.0,1202.0,1202.0,482.0,11526.941908713692,8004.0,22719.0,14191.0,15175.0,482.0,430.0,5744.553488372093,3056.0,11919.0,7519.0,8935.0,unikernel_falloc
47,unikernel_50i,11108.0,90.02520705797623,0.0,0.0,0.0,0.0,0.0,0.0,0.0,0.0,0.0,81.0,5436.530864197531,3288.0,8019.0,7451.0,7891.0,81.0,412.0,1.0,1869.0,1869.0,1869.0,1869.0,1869.0,507.0,12638.895463510848,6508.0,173311.0,16927.0,75519.0,507.0,412.0,6884.055825242718,2646.0,298239.0,8679.0,44159.0,unikernel_falloc
48,unikernel_50i,8960.0,111.60714285714286,0.0,0.0,0.0,0.0,0.0,0.0,0.0,0.0,0.0,77.0,5918.662337662337,3352.0,10295.0,8463.0,9351.0,77.0,444.0,1.0,1233.0,1233.0,1233.0,1233.0,1233.0,479.0,11942.509394572025,6572.0,21375.0,15943.0,17663.0,479.0,444.0,5937.220720720721,2928.0,18879.0,8631.0,10759.0,unikernel_falloc
49,unikernel_50i,10840.0,92.25092250922509,0.0,0.0,0.0,0.0,0.0,0.0,0.0,0.0,0.0,88.0,9196.102272727272,3056.0,142975.0,8719.0,142079.0,88.0,416.0,1.0,1398.0,1398.0,1398.0,1398.0,1398.0,496.0,14607.084677419354,5652.0,166527.0,15351.0,152191.0,496.0,416.0,6328.879807692308,3250.0,141183.0,7755.0,10263.0,unikernel_falloc
50,unikernel_50i,9380.0,106.60980810234541,0.0,0.0,0.0,0.0,0.0,0.0,0.0,0.0,0.0,83.0,6200.204819277108,3222.0,11007.0,8223.0,8679.0,83.0,389.0,1.0,945.0,945.0,945.0,945.0,945.0,528.0,12006.662878787878,7504.0,27343.0,15127.0,17119.0,528.0,389.0,6032.136246786632,2920.0,15439.0,8139.0,9415.0,unikernel_falloc
51,unikernel_50i,8713.0,114.77103179157581,0.0,0.0,0.0,0.0,0.0,0.0,0.0,0.0,0.0,78.0,6264.807692307692,2366.0,10911.0,9159.0,10575.0,78.0,434.0,1.0,1276.0,1276.0,1276.0,1276.0,1276.0,488.0,11505.418032786885,5896.0,22303.0,16095.0,18895.0,488.0,434.0,5679.7211981566825,2346.0,15663.0,7763.0,9775.0,unikernel_falloc
52,unikernel_50i,9637.0,103.76673238559718,0.0,0.0,0.0,0.0,0.0,0.0,0.0,0.0,0.0,104.0,5437.259615384615,3394.0,17199.0,7315.0,8703.0,104.0,420.0,1.0,1164.0,1164.0,1164.0,1164.0,1164.0,476.0,13764.16806722689,7120.0,686591.0,14255.0,50175.0,476.0,420.0,5625.878571428571,2576.0,35135.0,7711.0,19567.0,unikernel_falloc
53,unikernel_50i,9403.0,106.34903754121025,0.0,0.0,0.0,0.0,0.0,0.0,0.0,0.0,0.0,93.0,6252.0,4066.0,9863.0,8791.0,9863.0,93.0,405.0,1.0,1117.0,1117.0,1117.0,1117.0,1117.0,502.0,12288.517928286852,6788.0,26975.0,16495.0,18703.0,502.0,405.0,6155.587654320988,3750.0,25807.0,8783.0,10455.0,unikernel_falloc
54,unikernel_50i,10739.0,93.11853990129434,0.0,0.0,0.0,0.0,0.0,0.0,0.0,0.0,0.0,96.0,5967.40625,2994.0,8231.0,7883.0,8111.0,96.0,414.0,1.0,1150.0,1150.0,1150.0,1150.0,1150.0,490.0,14121.05306122449,7328.0,154239.0,14551.0,148735.0,490.0,414.0,7489.357487922705,2798.0,141183.0,8823.0,74815.0,unikernel_falloc
55,unikernel_50i,10504.0,95.2018278750952,0.0,0.0,0.0,0.0,0.0,0.0,0.0,0.0,0.0,62.0,5659.0161290322585,3526.0,9031.0,7375.0,7911.0,62.0,466.0,1.0,1176.0,1176.0,1176.0,1176.0,1176.0,472.0,12539.694915254237,7252.0,157055.0,15271.0,59807.0,472.0,466.0,6201.957081545064,2584.0,310783.0,7659.0,10695.0,unikernel_falloc
56,unikernel_50i,8985.0,111.29660545353367,0.0,0.0,0.0,0.0,0.0,0.0,0.0,0.0,0.0,70.0,5888.242857142857,3322.0,9023.0,7639.0,8975.0,70.0,406.0,1.0,1169.0,1169.0,1169.0,1169.0,1169.0,524.0,11614.977099236641,7056.0,20607.0,14023.0,15527.0,524.0,406.0,5772.6133004926105,2828.0,13735.0,7587.0,8935.0,unikernel_falloc
57,unikernel_50i,8384.0,119.27480916030534,0.0,0.0,0.0,0.0,0.0,0.0,0.0,0.0,0.0,90.0,5649.444444444444,3152.0,7923.0,7059.0,7843.0,90.0,404.0,1.0,1066.0,1066.0,1066.0,1066.0,1066.0,506.0,10969.636363636364,5644.0,19295.0,13431.0,14791.0,506.0,404.0,5409.784653465346,2576.0,11103.0,7347.0,8327.0,unikernel_falloc
58,unikernel_50i,10899.0,91.75153683824205,0.0,0.0,0.0,0.0,0.0,0.0,0.0,0.0,0.0,81.0,5903.901234567901,3510.0,14383.0,7875.0,9071.0,81.0,406.0,1.0,1140.0,1140.0,1140.0,1140.0,1140.0,513.0,14704.647173489278,7860.0,209279.0,15271.0,148735.0,513.0,406.0,6702.891625615764,2908.0,144127.0,7751.0,15303.0,unikernel_falloc
59,unikernel_50i,9536.0,104.86577181208054,0.0,0.0,0.0,0.0,0.0,0.0,0.0,0.0,0.0,79.0,5835.392405063291,2352.0,19183.0,7375.0,8439.0,79.0,388.0,1.0,1442.0,1442.0,1442.0,1442.0,1442.0,533.0,12231.03564727955,5788.0,142591.0,14663.0,31999.0,533.0,388.0,6064.693298969072,2070.0,125631.0,7583.0,13943.0,unikernel_falloc
60,unikernel_50i,9091.0,109.99890001099989,0.0,0.0,0.0,0.0,0.0,0.0,0.0,0.0,0.0,69.0,6033.913043478261,3158.0,10231.0,9327.0,9415.0,69.0,432.0,1.0,1234.0,1234.0,1234.0,1234.0,1234.0,499.0,11948.492985971943,6612.0,21039.0,16655.0,20063.0,499.0,432.0,5942.706018518518,2098.0,20159.0,8319.0,11583.0,unikernel_falloc
61,unikernel_50i,10819.0,92.42998428690267,0.0,0.0,0.0,0.0,0.0,0.0,0.0,0.0,0.0,85.0,6121.447058823529,3766.0,25007.0,8023.0,11327.0,85.0,405.0,1.0,1145.0,1145.0,1145.0,1145.0,1145.0,510.0,13115.227450980392,6876.0,387583.0,15071.0,63775.0,510.0,405.0,7315.698765432099,3096.0,516863.0,9023.0,19775.0,unikernel_falloc
62,unikernel_50i,8764.0,114.10314924691922,0.0,0.0,0.0,0.0,0.0,0.0,0.0,0.0,0.0,79.0,5782.569620253164,3300.0,9751.0,7695.0,7915.0,79.0,431.0,1.0,1280.0,1280.0,1280.0,1280.0,1280.0,490.0,11639.74693877551,7812.0,21471.0,14159.0,15487.0,490.0,431.0,5718.853828306264,2622.0,13487.0,7519.0,8679.0,unikernel_falloc
63,unikernel_50i,8684.0,115.15430677107324,0.0,0.0,0.0,0.0,0.0,0.0,0.0,0.0,0.0,57.0,5878.9473684210525,3068.0,8279.0,7463.0,7907.0,57.0,448.0,1.0,1209.0,1209.0,1209.0,1209.0,1209.0,495.0,11509.983838383838,5572.0,25247.0,14127.0,15175.0,495.0,448.0,5649.515625,2506.0,10535.0,7627.0,9039.0,unikernel_falloc
64,unikernel_50i,10966.0,91.19095385737735,0.0,0.0,0.0,0.0,0.0,0.0,0.0,0.0,0.0,86.0,5526.767441860465,3994.0,8815.0,7571.0,8111.0,86.0,386.0,1.0,938.0,938.0,938.0,938.0,938.0,528.0,12034.587121212122,7248.0,207999.0,15191.0,47583.0,528.0,386.0,7148.569948186529,3340.0,667647.0,7567.0,8671.0,unikernel_falloc
65,unikernel_50i,8937.0,111.89437171310283,0.0,0.0,0.0,0.0,0.0,0.0,0.0,0.0,0.0,77.0,5994.0,4116.0,10255.0,7943.0,8895.0,77.0,421.0,1.0,1194.0,1194.0,1194.0,1194.0,1194.0,502.0,11628.454183266933,7496.0,20847.0,14375.0,16071.0,502.0,421.0,5933.58432304038,2948.0,19855.0,8115.0,9119.0,unikernel_falloc
66,unikernel_50i,8763.0,114.11617026132603,0.0,0.0,0.0,0.0,0.0,0.0,0.0,0.0,0.0,91.0,5974.7032967032965,3960.0,11175.0,7807.0,10023.0,91.0,408.0,1.0,1191.0,1191.0,1191.0,1191.0,1191.0,501.0,11421.241516966067,6600.0,19071.0,14279.0,15671.0,501.0,408.0,5767.492647058823,3016.0,25631.0,7771.0,8887.0,unikernel_falloc
67,unikernel_50i,9344.0,107.02054794520548,0.0,0.0,0.0,0.0,0.0,0.0,0.0,0.0,0.0,110.0,6116.772727272727,3524.0,10335.0,8367.0,9999.0,110.0,401.0,1.0,1095.0,1095.0,1095.0,1095.0,1095.0,489.0,12374.507157464213,7200.0,22751.0,17263.0,20511.0,489.0,401.0,6206.493765586035,2122.0,18095.0,8863.0,11463.0,unikernel_falloc
68,unikernel_50i,9310.0,107.41138560687433,0.0,0.0,0.0,0.0,0.0,0.0,0.0,0.0,0.0,93.0,6503.1612903225805,3936.0,14255.0,8807.0,10951.0,93.0,425.0,1.0,1131.0,1131.0,1131.0,1131.0,1131.0,482.0,12320.228215767635,7312.0,24607.0,17167.0,20735.0,482.0,425.0,6183.708235294118,3378.0,19679.0,8943.0,10847.0,unikernel_falloc
69,unikernel_50i,8693.0,115.03508570113885,0.0,0.0,0.0,0.0,0.0,0.0,0.0,0.0,0.0,91.0,5891.197802197802,3360.0,9079.0,7399.0,8583.0,91.0,420.0,1.0,1313.0,1313.0,1313.0,1313.0,1313.0,489.0,11489.382413087935,6592.0,18751.0,14215.0,16399.0,489.0,420.0,5657.359523809524,2414.0,31103.0,7575.0,9063.0,unikernel_falloc
70,unikernel_50i,8977.0,111.39578923916676,0.0,0.0,0.0,0.0,0.0,0.0,0.0,0.0,0.0,75.0,6115.36,3568.0,9079.0,8123.0,8783.0,75.0,419.0,1.0,1356.0,1356.0,1356.0,1356.0,1356.0,506.0,11740.588932806324,7344.0,22911.0,14879.0,17087.0,506.0,419.0,5763.470167064439,2872.0,11175.0,7547.0,8863.0,unikernel_falloc
71,unikernel_50i,9886.0,101.15314586283634,0.0,0.0,0.0,0.0,0.0,0.0,0.0,0.0,0.0,92.0,5463.304347826087,3156.0,9023.0,7231.0,8107.0,92.0,412.0,1.0,1224.0,1224.0,1224.0,1224.0,1224.0,496.0,11398.72177419355,7492.0,180607.0,13855.0,26159.0,496.0,412.0,6356.674757281553,2952.0,306687.0,7335.0,12831.0,unikernel_falloc
72,unikernel_50i,8590.0,116.41443538998836,0.0,0.0,0.0,0.0,0.0,0.0,0.0,0.0,0.0,81.0,5944.16049382716,3130.0,9079.0,7847.0,8431.0,81.0,430.0,1.0,998.0,998.0,998.0,998.0,998.0,489.0,11335.116564417178,5540.0,22991.0,14327.0,15999.0,489.0,430.0,5698.467441860465,3014.0,9407.0,7547.0,8767.0,unikernel_falloc
73,unikernel_50i,10689.0,93.55412105903265,0.0,0.0,0.0,0.0,0.0,0.0,0.0,0.0,0.0,85.0,5290.070588235294,3560.0,10839.0,6747.0,7939.0,85.0,425.0,1.0,1173.0,1173.0,1173.0,1173.0,1173.0,490.0,13178.41224489796,6140.0,508159.0,13959.0,18639.0,490.0,425.0,6290.397647058823,3032.0,188159.0,7699.0,24335.0,unikernel_falloc
74,unikernel_50i,9131.0,109.51702989814916,0.0,0.0,0.0,0.0,0.0,0.0,0.0,0.0,0.0,79.0,5705.556962025316,2462.0,9815.0,7467.0,8711.0,79.0,400.0,1.0,1290.0,1290.0,1290.0,1290.0,1290.0,521.0,11778.867562380039,6036.0,86207.0,14663.0,18639.0,521.0,400.0,5957.9575,2836.0,51071.0,7767.0,12127.0,unikernel_falloc
75,unikernel_50i,10617.0,94.1885655081473,0.0,0.0,0.0,0.0,0.0,0.0,0.0,0.0,0.0,96.0,5314.75,3624.0,9487.0,7467.0,8131.0,96.0,387.0,1.0,1186.0,1186.0,1186.0,1186.0,1186.0,517.0,12479.330754352031,7516.0,483839.0,13631.0,52127.0,517.0,387.0,5606.165374677003,3378.0,29247.0,7675.0,12791.0,unikernel_falloc
76,unikernel_50i,9484.0,105.44074230282581,0.0,0.0,0.0,0.0,0.0,0.0,0.0,0.0,0.0,78.0,5827.884615384615,3932.0,12231.0,8011.0,10415.0,78.0,376.0,1.0,1377.0,1377.0,1377.0,1377.0,1377.0,546.0,12087.721611721612,8544.0,21439.0,15511.0,17935.0,546.0,376.0,6019.901595744681,3242.0,20015.0,8159.0,10463.0,unikernel_falloc
77,unikernel_50i,9120.0,109.64912280701755,0.0,0.0,0.0,0.0,0.0,0.0,0.0,0.0,0.0,96.0,6195.333333333333,4160.0,10495.0,8687.0,10279.0,96.0,403.0,1.0,1244.0,1244.0,1244.0,1244.0,1244.0,501.0,11990.90618762475,7884.0,21743.0,16031.0,18415.0,501.0,403.0,5901.501240694789,3046.0,22767.0,8319.0,10519.0,unikernel_falloc
78,unikernel_50i,8466.0,118.11953697141507,0.0,0.0,0.0,0.0,0.0,0.0,0.0,0.0,0.0,74.0,5457.405405405405,2822.0,8839.0,6679.0,7495.0,74.0,428.0,1.0,986.0,986.0,986.0,986.0,986.0,498.0,11024.22891566265,6012.0,43807.0,14199.0,16767.0,498.0,428.0,5436.47429906542,2302.0,13367.0,7503.0,9191.0,unikernel_falloc
79,unikernel_50i,10535.0,94.92168960607499,0.0,0.0,0.0,0.0,0.0,0.0,0.0,0.0,0.0,87.0,7998.413793103448,2700.0,121023.0,8343.0,71039.0,87.0,392.0,1.0,1125.0,1125.0,1125.0,1125.0,1125.0,521.0,13071.024952015356,5812.0,154111.0,14447.0,144383.0,521.0,392.0,7272.681122448979,2724.0,144127.0,7623.0,139647.0,unikernel_falloc
80,unikernel_50i,8763.0,114.11617026132603,0.0,0.0,0.0,0.0,0.0,0.0,0.0,0.0,0.0,83.0,5923.084337349397,3798.0,8447.0,7863.0,8131.0,83.0,418.0,1.0,1000.0,1000.0,1000.0,1000.0,1000.0,499.0,11533.370741482966,6352.0,18479.0,14415.0,15799.0,499.0,418.0,5708.055023923445,2920.0,9727.0,7395.0,8703.0,unikernel_falloc
81,unikernel_50i,9013.0,110.95084877399312,0.0,0.0,0.0,0.0,0.0,0.0,0.0,0.0,0.0,97.0,6284.917525773196,3228.0,12951.0,8823.0,12455.0,97.0,419.0,1.0,1210.0,1210.0,1210.0,1210.0,1210.0,484.0,11908.876033057852,7348.0,22783.0,15279.0,18271.0,484.0,419.0,5922.2649164677805,2968.0,19935.0,8151.0,10647.0,unikernel_falloc
82,unikernel_50i,10001.0,99.9900009999,0.0,0.0,0.0,0.0,0.0,0.0,0.0,0.0,0.0,103.0,5560.669902912621,3424.0,8831.0,7611.0,8479.0,103.0,407.0,1.0,1126.0,1126.0,1126.0,1126.0,1126.0,490.0,11358.661224489795,7320.0,78847.0,13615.0,24191.0,490.0,407.0,6345.447174447175,3166.0,376063.0,7523.0,12847.0,unikernel_falloc
83,unikernel_50i,8583.0,116.5093790050099,0.0,0.0,0.0,0.0,0.0,0.0,0.0,0.0,0.0,81.0,5585.20987654321,3052.0,9055.0,7623.0,8879.0,81.0,439.0,1.0,1414.0,1414.0,1414.0,1414.0,1414.0,480.0,11463.420833333334,6412.0,20911.0,15415.0,18063.0,480.0,439.0,5650.569476082004,1762.0,14991.0,8099.0,10167.0,unikernel_falloc
84,unikernel_50i,8553.0,116.91804045364199,0.0,0.0,0.0,0.0,0.0,0.0,0.0,0.0,0.0,91.0,5321.252747252747,2792.0,9399.0,6811.0,8067.0,91.0,402.0,1.0,2309.0,2308.0,2309.0,2309.0,2309.0,507.0,11105.289940828403,6244.0,17983.0,14367.0,15631.0,507.0,402.0,5555.032338308458,2216.0,19647.0,7727.0,11055.0,unikernel_falloc
85,unikernel_50i,8673.0,115.30035743110804,0.0,0.0,0.0,0.0,0.0,0.0,0.0,0.0,0.0,65.0,5473.2,2864.0,8799.0,7195.0,7839.0,65.0,426.0,1.0,1522.0,1522.0,1522.0,1522.0,1522.0,509.0,11228.954813359529,5872.0,19615.0,14271.0,17375.0,509.0,426.0,5727.359154929577,2522.0,27007.0,7935.0,9591.0,unikernel_falloc
86,unikernel_50i,10371.0,96.42271719217048,0.0,0.0,0.0,0.0,0.0,0.0,0.0,0.0,0.0,82.0,5383.524390243902,3172.0,8215.0,7307.0,8103.0,82.0,400.0,1.0,1138.0,1138.0,1138.0,1138.0,1138.0,518.0,12189.945945945947,7604.0,259455.0,13927.0,49471.0,518.0,400.0,5426.5125,3264.0,26175.0,7335.0,12159.0,unikernel_falloc
87,unikernel_50i,8665.0,115.4068090017311,0.0,0.0,0.0,0.0,0.0,0.0,0.0,0.0,0.0,84.0,5829.809523809524,2904.0,8807.0,7983.0,8791.0,84.0,456.0,1.0,1424.0,1424.0,1424.0,1424.0,1424.0,460.0,11662.652173913044,6752.0,20815.0,14455.0,15743.0,460.0,456.0,5861.9473684210525,2746.0,17695.0,7843.0,9023.0,unikernel_falloc
88,unikernel_50i,10489.0,95.33797311469158,0.0,0.0,0.0,0.0,0.0,0.0,0.0,0.0,0.0,68.0,5436.235294117647,3704.0,8263.0,7047.0,7831.0,68.0,455.0,1.0,1053.0,1053.0,1053.0,1053.0,1053.0,477.0,11572.637316561844,6836.0,131839.0,14423.0,30527.0,477.0,455.0,7660.239560439561,2744.0,418047.0,7831.0,69567.0,unikernel_falloc
89,unikernel_50i,8902.0,112.33430689732644,0.0,0.0,0.0,0.0,0.0,0.0,0.0,0.0,0.0,87.0,5690.149425287356,2404.0,9263.0,7671.0,8543.0,87.0,417.0,1.0,2209.0,2208.0,2209.0,2209.0,2209.0,496.0,11682.790322580646,5788.0,18479.0,15167.0,16447.0,496.0,417.0,5814.72901678657,2358.0,22431.0,7731.0,9623.0,unikernel_falloc
90,unikernel_50i,9736.0,102.71158586688578,0.0,0.0,0.0,0.0,0.0,0.0,0.0,0.0,0.0,79.0,6513.898734177215,3310.0,20543.0,12943.0,19135.0,79.0,415.0,1.0,1320.0,1320.0,1320.0,1320.0,1320.0,506.0,12780.213438735178,5728.0,166015.0,17487.0,72639.0,506.0,415.0,6220.44578313253,2320.0,123775.0,8839.0,26671.0,unikernel_falloc
91,unikernel_50i,8920.0,112.10762331838565,0.0,0.0,0.0,0.0,0.0,0.0,0.0,0.0,0.0,81.0,5751.691358024691,3046.0,10815.0,8303.0,10615.0,81.0,412.0,1.0,1093.0,1093.0,1093.0,1093.0,1093.0,507.0,11737.6291913215,5828.0,23231.0,16623.0,18991.0,507.0,412.0,5688.733009708738,2190.0,23855.0,8255.0,10591.0,unikernel_falloc
92,unikernel_50i,10832.0,92.31905465288035,0.0,0.0,0.0,0.0,0.0,0.0,0.0,0.0,0.0,79.0,8915.12658227848,2464.0,142335.0,8583.0,120447.0,79.0,401.0,1.0,1284.0,1284.0,1284.0,1284.0,1284.0,520.0,14233.180769230768,5964.0,166527.0,15439.0,153471.0,520.0,401.0,6415.139650872818,2486.0,143231.0,7839.0,9999.0,unikernel_falloc
93,unikernel_50i,8551.0,116.9453865045024,0.0,0.0,0.0,0.0,0.0,0.0,0.0,0.0,0.0,74.0,5627.0675675675675,3200.0,9255.0,6843.0,8847.0,74.0,438.0,1.0,1233.0,1233.0,1233.0,1233.0,1233.0,488.0,11294.008196721312,6020.0,17903.0,14199.0,15439.0,488.0,438.0,5648.223744292238,2466.0,19215.0,7783.0,9799.0,unikernel_falloc
94,unikernel_50i,8752.0,114.25959780621572,0.0,0.0,0.0,0.0,0.0,0.0,0.0,0.0,0.0,82.0,5986.134146341464,3832.0,9799.0,8351.0,9287.0,82.0,424.0,1.0,1151.0,1151.0,1151.0,1151.0,1151.0,494.0,11449.295546558704,6512.0,17487.0,14039.0,15479.0,494.0,424.0,5736.816037735849,2996.0,21311.0,7759.0,8711.0,unikernel_falloc
95,unikernel_50i,10938.0,91.42439202779302,0.0,0.0,0.0,0.0,0.0,0.0,0.0,0.0,0.0,83.0,7666.192771084337,3280.0,143743.0,7899.0,11831.0,83.0,425.0,1.0,1238.0,1238.0,1238.0,1238.0,1238.0,492.0,13824.59349593496,7732.0,160255.0,14943.0,125439.0,492.0,425.0,7875.731764705883,3274.0,146943.0,8719.0,124799.0,unikernel_falloc
96,unikernel_50i,8614.0,116.09008590666357,0.0,0.0,0.0,0.0,0.0,0.0,0.0,0.0,0.0,89.0,6014.2808988764045,3850.0,14759.0,8319.0,10295.0,89.0,456.0,1.0,1141.0,1141.0,1141.0,1141.0,1141.0,455.0,11676.738461538462,6080.0,17071.0,14031.0,15351.0,455.0,456.0,5789.3421052631575,2084.0,15263.0,7751.0,8855.0,unikernel_falloc
97,unikernel_50i,8883.0,112.57458065968704,0.0,0.0,0.0,0.0,0.0,0.0,0.0,0.0,0.0,84.0,5793.738095238095,4096.0,8591.0,7015.0,8107.0,84.0,411.0,1.0,1215.0,1215.0,1215.0,1215.0,1215.0,505.0,11600.986138613862,7628.0,18239.0,14015.0,15167.0,505.0,411.0,5799.384428223844,3382.0,21871.0,7471.0,8559.0,unikernel_falloc
98,unikernel_50i,10114.0,98.87284951552304,0.0,0.0,0.0,0.0,0.0,0.0,0.0,0.0,0.0,91.0,5224.307692307692,1927.0,16359.0,7519.0,8487.0,91.0,373.0,1.0,1353.0,1353.0,1353.0,1353.0,1353.0,536.0,13378.070895522387,4484.0,413695.0,22399.0,71231.0,536.0,373.0,5938.477211796247,2308.0,116479.0,9047.0,20927.0,unikernel_falloc
99,unikernel_50i,8867.0,112.7777151234916,0.0,0.0,0.0,0.0,0.0,0.0,0.0,0.0,0.0,90.0,6076.2444444444445,3322.0,9575.0,8687.0,9135.0,90.0,427.0,1.0,1388.0,1388.0,1388.0,1388.0,1388.0,483.0,11858.173913043478,6652.0,20543.0,15519.0,18239.0,483.0,427.0,5743.025761124121,3184.0,10727.0,7891.0,9823.0,unikernel_falloc
100,unikernel_50i,8050.0,124.22360248447205,0.0,0.0,0.0,0.0,0.0,0.0,0.0,0.0,0.0,79.0,5526.101265822785,2802.0,7871.0,6899.0,7775.0,79.0,423.0,1.0,1253.0,1253.0,1253.0,1253.0,1253.0,498.0,10546.068273092369,5892.0,17263.0,13439.0,14519.0,498.0,423.0,5262.364066193853,2872.0,22047.0,7071.0,8863.0,unikernel_falloc
101,unikernel_50i,10789.0,92.68699601445917,0.0,0.0,0.0,0.0,0.0,0.0,0.0,0.0,0.0,83.0,7910.373493975903,3738.0,141183.0,8255.0,28879.0,83.0,427.0,1.0,1104.0,1104.0,1104.0,1104.0,1104.0,490.0,13877.228571428572,7596.0,151167.0,15311.0,145535.0,490.0,427.0,7413.407494145199,3542.0,145791.0,7903.0,121855.0,unikernel_falloc
102,unikernel_50i,9323.0,107.26161106939826,0.0,0.0,0.0,0.0,0.0,0.0,0.0,0.0,0.0,83.0,6010.3975903614455,3302.0,14231.0,8663.0,9351.0,83.0,381.0,1.0,1321.0,1321.0,1321.0,1321.0,1321.0,536.0,11932.369402985074,7340.0,22575.0,15767.0,18767.0,536.0,381.0,6020.209973753281,3306.0,49023.0,7919.0,10119.0,unikernel_falloc
103,unikernel_50i,8847.0,113.03266644060133,0.0,0.0,0.0,0.0,0.0,0.0,0.0,0.0,0.0,84.0,5902.976190476191,2790.0,10615.0,8423.0,10191.0,84.0,434.0,1.0,1334.0,1334.0,1334.0,1334.0,1334.0,482.0,11838.041493775934,6588.0,22751.0,16719.0,19535.0,482.0,434.0,5747.834101382488,2178.0,12415.0,8407.0,10367.0,unikernel_falloc
104,unikernel_50i,10084.0,99.16699722332407,0.0,0.0,0.0,0.0,0.0,0.0,0.0,0.0,0.0,83.0,6059.024096385542,3636.0,51839.0,7823.0,9663.0,83.0,438.0,1.0,1155.0,1155.0,1155.0,1155.0,1155.0,479.0,12351.624217118999,6860.0,258431.0,13791.0,37055.0,479.0,438.0,6732.043378995434,2798.0,559103.0,7091.0,8207.0,unikernel_falloc
105,unikernel_50i,8531.0,117.21955222131051,0.0,0.0,0.0,0.0,0.0,0.0,0.0,0.0,0.0,78.0,5417.717948717948,2966.0,9023.0,6731.0,8495.0,78.0,429.0,1.0,1059.0,1059.0,1059.0,1059.0,1059.0,493.0,11293.598377281947,4964.0,21103.0,14023.0,15311.0,493.0,429.0,5578.797202797203,2502.0,14079.0,7571.0,8615.0,unikernel_falloc
106,unikernel_50i,8837.0,113.16057485572027,0.0,0.0,0.0,0.0,0.0,0.0,0.0,0.0,0.0,81.0,5853.9876543209875,3702.0,9751.0,7931.0,9375.0,81.0,422.0,1.0,1231.0,1231.0,1231.0,1231.0,1231.0,497.0,11580.124748490945,7912.0,15623.0,13711.0,14431.0,497.0,422.0,5826.582938388626,3022.0,28159.0,7659.0,8975.0,unikernel_falloc
107,unikernel_50i,8854.0,112.943302462164,0.0,0.0,0.0,0.0,0.0,0.0,0.0,0.0,0.0,77.0,5746.662337662337,3978.0,7915.0,6939.0,7559.0,77.0,416.0,1.0,1194.0,1194.0,1194.0,1194.0,1194.0,507.0,11649.305719921105,7004.0,25295.0,13991.0,15895.0,507.0,416.0,5718.774038461538,2590.0,17103.0,7951.0,8967.0,unikernel_falloc
108,unikernel_50i,10840.0,92.25092250922509,0.0,0.0,0.0,0.0,0.0,0.0,0.0,0.0,0.0,89.0,5253.820224719101,2938.0,10775.0,6999.0,8091.0,89.0,415.0,1.0,1107.0,1107.0,1107.0,1107.0,1107.0,496.0,11683.907258064517,8028.0,189183.0,13823.0,39391.0,496.0,415.0,6737.739759036144,2684.0,382207.0,7455.0,19791.0,unikernel_falloc
109,unikernel_50i,9291.0,107.63104079216446,0.0,0.0,0.0,0.0,0.0,0.0,0.0,0.0,0.0,81.0,6039.098765432099,3072.0,10743.0,8263.0,8727.0,81.0,423.0,1.0,1975.0,1975.0,1975.0,1975.0,1975.0,496.0,12249.758064516129,8496.0,26959.0,17263.0,19231.0,496.0,423.0,6101.586288416076,3828.0,26959.0,8647.0,10615.0,unikernel_falloc
110,unikernel_50i,9924.0,100.76582023377671,0.0,0.0,0.0,0.0,0.0,0.0,0.0,0.0,0.0,88.0,5234.545454545455,3286.0,7091.0,6331.0,6779.0,88.0,415.0,1.0,1191.0,1191.0,1191.0,1191.0,1191.0,497.0,12357.138832997987,7444.0,360959.0,13823.0,20415.0,497.0,415.0,5474.648192771085,2742.0,24943.0,7239.0,10383.0,unikernel_falloc
111,unikernel_50i,9083.0,110.09578333149841,0.0,0.0,0.0,0.0,0.0,0.0,0.0,0.0,0.0,75.0,5741.666666666667,3586.0,9183.0,7227.0,7939.0,75.0,392.0,1.0,1166.0,1166.0,1166.0,1166.0,1166.0,533.0,11623.63602251407,7700.0,19471.0,14823.0,17631.0,533.0,392.0,5862.3877551020405,3210.0,26495.0,7659.0,9119.0,unikernel_falloc
112,unikernel_50i,9244.0,108.1782778018174,0.0,0.0,0.0,0.0,0.0,0.0,0.0,0.0,0.0,91.0,6001.89010989011,4216.0,9511.0,7767.0,8103.0,91.0,434.0,1.0,976.0,976.0,976.0,976.0,976.0,475.0,12296.934736842106,5424.0,24431.0,16671.0,18703.0,475.0,434.0,6201.730414746544,3120.0,41951.0,8751.0,11055.0,unikernel_falloc
113,unikernel_50i,8833.0,113.21181931393637,0.0,0.0,0.0,0.0,0.0,0.0,0.0,0.0,0.0,95.0,5727.7052631578945,3012.0,11999.0,7711.0,9663.0,95.0,387.0,1.0,2143.0,2142.0,2143.0,2143.0,2143.0,518.0,11346.057915057914,6560.0,44991.0,14383.0,16463.0,518.0,387.0,5639.762273901809,2698.0,24111.0,7015.0,8967.0,unikernel_falloc
114,unikernel_50i,8715.0,114.74469305794607,0.0,0.0,0.0,0.0,0.0,0.0,0.0,0.0,0.0,90.0,5935.133333333333,3578.0,8903.0,8031.0,8775.0,90.0,418.0,1.0,1034.0,1034.0,1034.0,1034.0,1034.0,492.0,11510.467479674797,6688.0,18415.0,14127.0,15175.0,492.0,418.0,5688.94976076555,2676.0,16447.0,7663.0,8783.0,unikernel_falloc
115,unikernel_50i,9265.0,107.93308148947652,0.0,0.0,0.0,0.0,0.0,0.0,0.0,0.0,0.0,74.0,6361.4324324324325,3862.0,10119.0,8631.0,9935.0,74.0,436.0,1.0,1047.0,1047.0,1047.0,1047.0,1047.0,490.0,12185.09387755102,7308.0,22799.0,16279.0,20111.0,490.0,436.0,6101.369266055046,2874.0,22447.0,8543.0,11423.0,unikernel_falloc
116,unikernel_50i,10265.0,97.4184120798831,0.0,0.0,0.0,0.0,0.0,0.0,0.0,0.0,0.0,101.0,7588.118811881188,2686.0,140799.0,7871.0,70975.0,101.0,417.0,1.0,1252.0,1252.0,1252.0,1252.0,1252.0,482.0,14013.589211618257,5668.0,150399.0,14583.0,146687.0,482.0,417.0,6159.971223021583,2001.0,144127.0,7451.0,9999.0,unikernel_falloc
117,unikernel_50i,8727.0,114.58691417440129,0.0,0.0,0.0,0.0,0.0,0.0,0.0,0.0,0.0,82.0,5682.609756097561,3092.0,8655.0,7655.0,8011.0,82.0,406.0,1.0,1236.0,1236.0,1236.0,1236.0,1236.0,512.0,11285.578125,6164.0,19087.0,14495.0,16559.0,512.0,406.0,5690.586206896552,2002.0,28831.0,7467.0,8679.0,unikernel_falloc
118,unikernel_50i,9459.0,105.7194206575748,0.0,0.0,0.0,0.0,0.0,0.0,0.0,0.0,0.0,94.0,6176.95744680851,2802.0,12287.0,9127.0,11279.0,94.0,362.0,1.0,1076.0,1076.0,1076.0,1076.0,1076.0,544.0,12097.39338235294,7244.0,94975.0,16119.0,19631.0,544.0,362.0,5906.809392265193,3058.0,23247.0,8159.0,9639.0,unikernel_falloc
119,unikernel_50i,10369.0,96.44131545954286,0.0,0.0,0.0,0.0,0.0,0.0,0.0,0.0,0.0,99.0,5578.585858585859,3500.0,7907.0,7175.0,7675.0,99.0,420.0,1.0,1189.0,1189.0,1189.0,1189.0,1189.0,481.0,12388.345114345115,7216.0,386815.0,14623.0,28255.0,481.0,420.0,5822.914285714286,2866.0,89023.0,7879.0,14727.0,unikernel_falloc
120,unikernel_50i,9231.0,108.33062506770663,0.0,0.0,0.0,0.0,0.0,0.0,0.0,0.0,0.0,74.0,5931.918918918919,4148.0,9751.0,7271.0,9455.0,74.0,416.0,1.0,1388.0,1388.0,1388.0,1388.0,1388.0,510.0,11989.439215686274,7616.0,20463.0,15423.0,17919.0,510.0,416.0,6091.930288461538,3638.0,11327.0,8407.0,10199.0,unikernel_falloc
121,unikernel_50i,9319.0,107.30765103551883,0.0,0.0,0.0,0.0,0.0,0.0,0.0,0.0,0.0,93.0,5957.247311827957,3940.0,9871.0,7615.0,9087.0,93.0,421.0,1.0,1138.0,1138.0,1138.0,1138.0,1138.0,486.0,12255.75720164609,5036.0,29695.0,16991.0,20943.0,486.0,421.0,6287.29216152019,2874.0,13607.0,9151.0,10623.0,unikernel_falloc
122,unikernel_50i,10685.0,93.58914365933552,0.0,0.0,0.0,0.0,0.0,0.0,0.0,0.0,0.0,88.0,9007.829545454546,3122.0,142207.0,8991.0,141183.0,88.0,430.0,1.0,1455.0,1455.0,1455.0,1455.0,1455.0,482.0,14725.535269709544,6632.0,166527.0,16343.0,149503.0,482.0,430.0,6140.546511627907,2670.0,147455.0,7975.0,10759.0,unikernel_falloc
123,unikernel_50i,8676.0,115.26048870447211,0.0,0.0,0.0,0.0,0.0,0.0,0.0,0.0,0.0,80.0,5773.8375,3974.0,9231.0,7123.0,7699.0,80.0,411.0,1.0,1401.0,1401.0,1401.0,1401.0,1401.0,509.0,11322.247544204321,6004.0,21791.0,14039.0,15639.0,509.0,411.0,5551.958637469586,2474.0,15455.0,7587.0,8831.0,unikernel_falloc
124,unikernel_50i,10414.0,96.02458229306703,0.0,0.0,0.0,0.0,0.0,0.0,0.0,0.0,0.0,79.0,5328.873417721519,3664.0,8167.0,6567.0,7523.0,79.0,391.0,1.0,1400.0,1400.0,1400.0,1400.0,1400.0,530.0,11883.97358490566,5940.0,389119.0,14335.0,24223.0,530.0,391.0,5687.135549872123,3316.0,31343.0,7715.0,15983.0,unikernel_falloc
125,unikernel_50i,8898.0,112.38480557428636,0.0,0.0,0.0,0.0,0.0,0.0,0.0,0.0,0.0,90.0,6137.111111111111,4388.0,9255.0,8075.0,8999.0,90.0,409.0,1.0,1140.0,1140.0,1140.0,1140.0,1140.0,501.0,11579.197604790419,7680.0,21151.0,13895.0,15383.0,501.0,409.0,5842.051344743276,3240.0,17167.0,7667.0,8607.0,unikernel_falloc
126,unikernel_50i,8714.0,114.75786091347257,0.0,0.0,0.0,0.0,0.0,0.0,0.0,0.0,0.0,74.0,5686.540540540541,3968.0,8479.0,7255.0,7799.0,74.0,437.0,1.0,1242.0,1242.0,1242.0,1242.0,1242.0,489.0,11556.44580777096,6844.0,17119.0,14255.0,15559.0,489.0,437.0,5760.141876430206,2418.0,20831.0,7603.0,8951.0,unikernel_falloc
127,unikernel_50i,8908.0,112.2586439155815,0.0,0.0,0.0,0.0,0.0,0.0,0.0,0.0,0.0,87.0,5799.3448275862065,3988.0,10159.0,7267.0,8895.0,87.0,411.0,1.0,1208.0,1208.0,1208.0,1208.0,1208.0,502.0,11675.517928286852,8044.0,17663.0,14023.0,15183.0,502.0,411.0,5819.992700729927,3544.0,21183.0,7611.0,9047.0,unikernel_falloc
128,unikernel_50i,8633.0,115.83458820803892,0.0,0.0,0.0,0.0,0.0,0.0,0.0,0.0,0.0,84.0,5833.809523809524,2744.0,10439.0,8695.0,10311.0,84.0,402.0,1.0,1290.0,1290.0,1290.0,1290.0,1290.0,514.0,11362.194552529183,6328.0,21695.0,15263.0,17407.0,514.0,402.0,5369.582089552238,2268.0,14727.0,7799.0,9367.0,unikernel_falloc
129,unikernel_50i,9345.0,107.00909577314071,0.0,0.0,0.0,0.0,0.0,0.0,0.0,0.0,0.0,75.0,6199.893333333333,4416.0,20143.0,8511.0,11095.0,75.0,415.0,1.0,1166.0,1166.0,1166.0,1166.0,1166.0,510.0,12146.223529411765,7592.0,24319.0,16495.0,18655.0,510.0,415.0,6141.824096385542,3810.0,12575.0,8903.0,10671.0,unikernel_falloc
130,unikernel_50i,9545.0,104.76689366160294,0.0,0.0,0.0,0.0,0.0,0.0,0.0,0.0,0.0,68.0,5716.264705882353,2674.0,11071.0,7747.0,9879.0,68.0,424.0,1.0,1583.0,1583.0,1583.0,1583.0,1583.0,508.0,12830.826771653543,5272.0,165375.0,16511.0,57247.0,508.0,424.0,5785.424528301887,1902.0,63007.0,7903.0,12103.0,unikernel_falloc
131,unikernel_50i,8783.0,113.85631333257429,0.0,0.0,0.0,0.0,0.0,0.0,0.0,0.0,0.0,74.0,5791.77027027027,3030.0,8871.0,7067.0,7867.0,74.0,452.0,1.0,1156.0,1156.0,1156.0,1156.0,1156.0,474.0,11642.886075949367,7104.0,20687.0,14519.0,16239.0,474.0,452.0,5903.29203539823,2582.0,20591.0,7775.0,8887.0,unikernel_falloc
132,unikernel_50i,10761.0,92.92816652727441,0.0,0.0,0.0,0.0,0.0,0.0,0.0,0.0,0.0,88.0,7611.738636363636,3036.0,143103.0,9023.0,11335.0,88.0,422.0,1.0,1131.0,1131.0,1131.0,1131.0,1131.0,490.0,14788.138775510204,6608.0,158975.0,15407.0,146943.0,490.0,422.0,6371.902843601896,2184.0,149119.0,8067.0,10711.0,unikernel_falloc
133,unikernel_50i,9299.0,107.53844499408538,0.0,0.0,0.0,0.0,0.0,0.0,0.0,0.0,0.0,87.0,6141.0114942528735,4168.0,11031.0,8799.0,10815.0,87.0,420.0,1.0,1320.0,1320.0,1320.0,1320.0,1320.0,493.0,12305.148073022312,7560.0,22703.0,16879.0,20191.0,493.0,420.0,6119.964285714285,3010.0,12383.0,9095.0,10895.0,unikernel_falloc
134,unikernel_50i,10941.0,91.39932364500503,0.0,0.0,0.0,0.0,0.0,0.0,0.0,0.0,0.0,78.0,6312.641025641025,4476.0,10503.0,8767.0,8887.0,78.0,421.0,1.0,1254.0,1254.0,1254.0,1254.0,1254.0,501.0,14837.385229540918,6752.0,155775.0,16671.0,147839.0,501.0,421.0,6788.878859857482,2270.0,144639.0,7987.0,10359.0,unikernel_falloc
135,unikernel_50i,8069.0,123.93109431156277,0.0,0.0,0.0,0.0,0.0,0.0,0.0,0.0,0.0,84.0,5365.9047619047615,2548.0,9351.0,7407.0,8591.0,84.0,423.0,1.0,1333.0,1333.0,1333.0,1333.0,1333.0,493.0,10714.787018255578,5608.0,18543.0,13703.0,15527.0,493.0,423.0,5140.90780141844,2158.0,20559.0,7403.0,8807.0,unikernel_falloc
136,unikernel_50i,8726.0,114.60004584001834,0.0,0.0,0.0,0.0,0.0,0.0,0.0,0.0,0.0,81.0,5585.234567901234,3790.0,8823.0,6739.0,7391.0,81.0,413.0,1.0,1229.0,1229.0,1229.0,1229.0,1229.0,506.0,11385.782608695652,7792.0,17855.0,14167.0,15567.0,506.0,413.0,5717.0847457627115,3452.0,21983.0,7543.0,8831.0,unikernel_falloc
137,unikernel_50i,10999.0,90.91735612328394,0.0,0.0,0.0,0.0,0.0,0.0,0.0,0.0,0.0,78.0,7952.179487179487,4212.0,148735.0,8671.0,10455.0,78.0,401.0,1.0,1119.0,1119.0,1119.0,1119.0,1119.0,521.0,14175.013435700575,6684.0,155263.0,15247.0,151935.0,521.0,401.0,7059.256857855362,2952.0,141183.0,7843.0,36127.0,unikernel_falloc
138,unikernel_50i,9440.0,105.9322033898305,0.0,0.0,0.0,0.0,0.0,0.0,0.0,0.0,0.0,76.0,5792.4078947368425,3350.0,10743.0,7735.0,8655.0,76.0,421.0,1.0,1250.0,1250.0,1250.0,1250.0,1250.0,503.0,12384.735586481112,7528.0,49567.0,17167.0,19855.0,503.0,421.0,6216.9667458432305,3110.0,19487.0,9231.0,11383.0,unikernel_falloc
139,unikernel_50i,9528.0,104.95382031905962,0.0,0.0,0.0,0.0,0.0,0.0,0.0,0.0,0.0,79.0,6179.126582278481,2886.0,10071.0,8735.0,9399.0,79.0,399.0,1.0,1136.0,1136.0,1136.0,1136.0,1136.0,522.0,12377.0,7632.0,26799.0,16559.0,19599.0,522.0,399.0,6094.852130325815,2866.0,12431.0,8967.0,10863.0,unikernel_falloc
140,unikernel_50i,8892.0,112.46063877642825,0.0,0.0,0.0,0.0,0.0,0.0,0.0,0.0,0.0,80.0,6138.2,2536.0,11255.0,9031.0,10735.0,80.0,433.0,1.0,1305.0,1305.0,1305.0,1305.0,1305.0,487.0,11912.390143737166,6708.0,125503.0,14607.0,16495.0,487.0,433.0,5708.203233256351,2872.0,16575.0,7639.0,9407.0,unikernel_falloc
141,unikernel_50i,9845.0,101.57440325038091,0.0,0.0,0.0,0.0,0.0,0.0,0.0,0.0,0.0,79.0,5754.544303797468,3238.0,8943.0,7551.0,8223.0,79.0,425.0,1.0,1218.0,1218.0,1218.0,1218.0,1218.0,496.0,11644.108870967742,4788.0,154495.0,14335.0,18447.0,496.0,425.0,5800.903529411765,2039.0,44063.0,7711.0,11823.0,unikernel_falloc
142,unikernel_50i,8264.0,121.00677637947724,0.0,0.0,0.0,0.0,0.0,0.0,0.0,0.0,0.0,86.0,5230.8488372093025,2346.0,8591.0,7339.0,7819.0,86.0,411.0,1.0,1386.0,1386.0,1386.0,1386.0,1386.0,503.0,10865.76143141153,5848.0,18975.0,14591.0,16511.0,503.0,411.0,5339.905109489051,2482.0,25471.0,7451.0,9255.0,unikernel_falloc
143,unikernel_50i,9056.0,110.42402826855124,0.0,0.0,0.0,0.0,0.0,0.0,0.0,0.0,0.0,75.0,5836.893333333333,2994.0,9943.0,7267.0,8847.0,75.0,422.0,1.0,1648.0,1648.0,1648.0,1648.0,1648.0,503.0,11875.029821073558,5332.0,23295.0,15551.0,17231.0,503.0,422.0,5837.189573459716,2348.0,16447.0,7587.0,8879.0,unikernel_falloc
144,unikernel_50i,9050.0,110.49723756906077,0.0,0.0,0.0,0.0,0.0,0.0,0.0,0.0,0.0,85.0,6247.1882352941175,3946.0,12719.0,8879.0,9559.0,85.0,443.0,1.0,1200.0,1200.0,1200.0,1200.0,1200.0,472.0,12045.830508474577,7588.0,26975.0,16463.0,19695.0,472.0,443.0,6088.930022573363,3010.0,20639.0,8663.0,10735.0,unikernel_falloc
145,unikernel_50i,9994.0,100.06003602161297,0.0,0.0,0.0,0.0,0.0,0.0,0.0,0.0,0.0,80.0,5402.15,3524.0,7427.0,6787.0,7295.0,80.0,428.0,1.0,1404.0,1404.0,1404.0,1404.0,1404.0,492.0,11119.077235772358,6484.0,50591.0,13847.0,20463.0,492.0,428.0,6278.394859813084,3296.0,256255.0,7719.0,18143.0,unikernel_falloc
146,unikernel_50i,10566.0,94.64319515426841,0.0,0.0,0.0,0.0,0.0,0.0,0.0,0.0,0.0,74.0,5300.216216216216,3200.0,7295.0,6899.0,7199.0,74.0,449.0,1.0,1378.0,1378.0,1378.0,1378.0,1378.0,477.0,13223.93710691824,6160.0,509951.0,15143.0,80383.0,477.0,449.0,6072.051224944321,2710.0,171903.0,7631.0,19311.0,unikernel_falloc
147,unikernel_50i,8770.0,114.02508551881414,0.0,0.0,0.0,0.0,0.0,0.0,0.0,0.0,0.0,81.0,5757.308641975309,3078.0,8751.0,7719.0,7919.0,81.0,439.0,1.0,1314.0,1314.0,1314.0,1314.0,1314.0,480.0,11587.058333333332,6228.0,19615.0,15135.0,17263.0,480.0,439.0,5912.020501138953,2246.0,26895.0,8231.0,9655.0,unikernel_falloc
148,unikernel_50i,9080.0,110.13215859030836,0.0,0.0,0.0,0.0,0.0,0.0,0.0,0.0,0.0,83.0,5876.819277108434,3778.0,9959.0,7815.0,8895.0,83.0,384.0,1.0,1223.0,1223.0,1223.0,1223.0,1223.0,533.0,11682.393996247654,7836.0,18687.0,14727.0,16399.0,533.0,384.0,5772.75,2768.0,23615.0,7631.0,8671.0,unikernel_falloc
149,unikernel_50i,9233.0,108.30715910321672,0.0,0.0,0.0,0.0,0.0,0.0,0.0,0.0,0.0,80.0,6219.875,4344.0,11111.0,7839.0,9687.0,80.0,426.0,1.0,1717.0,1717.0,1717.0,1717.0,1717.0,494.0,12083.627530364372,8152.0,17471.0,14927.0,16591.0,494.0,426.0,6139.861502347418,3546.0,22463.0,8247.0,10263.0,unikernel_falloc
150,unikernel_50i,10543.0,94.84966328369535,0.0,0.0,0.0,0.0,0.0,0.0,0.0,0.0,0.0,85.0,5281.705882352941,4036.0,7607.0,6747.0,7499.0,85.0,389.0,1.0,1319.0,1319.0,1319.0,1319.0,1319.0,526.0,11666.007604562737,6868.0,180735.0,13951.0,28143.0,526.0,389.0,6633.5167095115685,2834.0,223871.0,8007.0,17151.0,unikernel_falloc
151,unikernel_50i,8723.0,114.63945890175398,0.0,0.0,0.0,0.0,0.0,0.0,0.0,0.0,0.0,80.0,6058.3375,2728.0,10359.0,8391.0,9359.0,80.0,436.0,1.0,1196.0,1196.0,1196.0,1196.0,1196.0,484.0,11530.98347107438,5720.0,20911.0,15359.0,17311.0,484.0,436.0,5748.057339449541,2682.0,21919.0,8103.0,10023.0,unikernel_falloc
152,unikernel_50i,8634.0,115.82117211026176,0.0,0.0,0.0,0.0,0.0,0.0,0.0,0.0,0.0,86.0,5933.418604651163,4128.0,9079.0,7731.0,8311.0,86.0,445.0,1.0,1344.0,1344.0,1344.0,1344.0,1344.0,469.0,11583.117270788913,6712.0,19103.0,14191.0,15599.0,469.0,445.0,5779.683146067416,2876.0,11391.0,7715.0,8855.0,unikernel_falloc
153,unikernel_50i,11081.0,90.2445627650934,0.0,0.0,0.0,0.0,0.0,0.0,0.0,0.0,0.0,67.0,6081.477611940299,3558.0,27119.0,7475.0,9335.0,67.0,430.0,1.0,1191.0,1191.0,1191.0,1191.0,1191.0,503.0,14477.44731610338,7848.0,166527.0,15327.0,151423.0,503.0,430.0,7429.6511627906975,3314.0,149503.0,8935.0,75967.0,unikernel_falloc
154,unikernel_50i,8605.0,116.21150493898897,0.0,0.0,0.0,0.0,0.0,0.0,0.0,0.0,0.0,90.0,5864.388888888889,3796.0,11967.0,7907.0,9087.0,90.0,424.0,1.0,1059.0,1059.0,1059.0,1059.0,1059.0,486.0,11286.880658436214,6608.0,17679.0,13799.0,15231.0,486.0,424.0,5752.898584905661,2728.0,27055.0,7579.0,9495.0,unikernel_falloc
155,unikernel_50i,8468.0,118.09163911195087,0.0,0.0,0.0,0.0,0.0,0.0,0.0,0.0,0.0,87.0,5500.206896551724,2818.0,8999.0,7739.0,8951.0,87.0,394.0,1.0,1110.0,1110.0,1110.0,1110.0,1110.0,519.0,10976.755298651253,5840.0,21615.0,13799.0,14991.0,519.0,394.0,5452.796954314721,2514.0,19487.0,7443.0,8703.0,unikernel_falloc
156,unikernel_50i,10798.0,92.60974254491572,0.0,0.0,0.0,0.0,0.0,0.0,0.0,0.0,0.0,89.0,7494.471910112359,2858.0,142207.0,8171.0,9127.0,89.0,425.0,1.0,1238.0,1238.0,1238.0,1238.0,1238.0,486.0,14746.860082304527,6940.0,158079.0,15567.0,145663.0,486.0,425.0,6592.089411764706,2970.0,148479.0,7811.0,10415.0,unikernel_falloc
157,unikernel_50i,8536.0,117.15089034676663,0.0,0.0,0.0,0.0,0.0,0.0,0.0,0.0,0.0,82.0,5263.768292682927,2192.0,8887.0,7255.0,7939.0,82.0,429.0,1.0,1556.0,1556.0,1556.0,1556.0,1556.0,489.0,11297.717791411043,4216.0,18863.0,14767.0,16343.0,489.0,429.0,5609.149184149184,1937.0,11887.0,7887.0,9423.0,unikernel_falloc
158,unikernel_50i,9604.0,104.12328196584757,0.0,0.0,0.0,0.0,0.0,0.0,0.0,0.0,0.0,80.0,6421.925,4388.0,12015.0,9031.0,10663.0,80.0,411.0,1.0,2183.0,2182.0,2183.0,2183.0,2183.0,509.0,12463.237721021611,7068.0,26847.0,16511.0,20751.0,509.0,411.0,6284.914841849149,2858.0,38975.0,8519.0,11343.0,unikernel_falloc
159,unikernel_50i,10035.0,99.65122072745392,0.0,0.0,0.0,0.0,0.0,0.0,0.0,0.0,0.0,77.0,5420.935064935065,3198.0,8327.0,7407.0,8247.0,77.0,422.0,1.0,1180.0,1180.0,1180.0,1180.0,1180.0,501.0,11047.79640718563,6408.0,49663.0,13991.0,18991.0,501.0,422.0,6272.232227488152,2786.0,258047.0,7507.0,17007.0,unikernel_falloc
160,unikernel_50i,9095.0,109.95052226498076,0.0,0.0,0.0,0.0,0.0,0.0,0.0,0.0,0.0,86.0,5802.837209302325,2188.0,8839.0,8059.0,8527.0,86.0,418.0,1.0,2211.0,2210.0,2211.0,2211.0,2211.0,496.0,11988.415322580646,6756.0,21535.0,15295.0,16655.0,496.0,418.0,5933.346889952153,2978.0,16335.0,7871.0,9559.0,unikernel_falloc
161,unikernel_50i,8698.0,114.96895838123707,0.0,0.0,0.0,0.0,0.0,0.0,0.0,0.0,0.0,87.0,5543.3448275862065,2982.0,7887.0,6755.0,6959.0,87.0,428.0,1.0,1192.0,1192.0,1192.0,1192.0,1192.0,485.0,11557.694845360826,6096.0,18383.0,14367.0,15799.0,485.0,428.0,5742.642523364486,1874.0,20367.0,7763.0,9023.0,unikernel_falloc
162,unikernel_50i,10730.0,93.19664492078286,0.0,0.0,0.0,0.0,0.0,0.0,0.0,0.0,0.0,83.0,5493.650602409639,3254.0,9735.0,7167.0,8983.0,83.0,408.0,1.0,1114.0,1114.0,1114.0,1114.0,1114.0,509.0,11372.133595284873,8208.0,41567.0,14343.0,27311.0,509.0,408.0,6606.367647058823,2400.0,275199.0,7519.0,10703.0,unikernel_falloc
163,unikernel_50i,8469.0,118.0776951233912,0.0,0.0,0.0,0.0,0.0,0.0,0.0,0.0,0.0,96.0,5479.0,2402.0,7983.0,6923.0,7867.0,96.0,381.0,1.0,1701.0,1701.0,1701.0,1701.0,1701.0,523.0,10948.818355640535,6032.0,18079.0,13919.0,15399.0,523.0,381.0,5408.262467191601,2524.0,23055.0,7079.0,7995.0,unikernel_falloc
164,unikernel_50i,8814.0,113.45586566825504,0.0,0.0,0.0,0.0,0.0,0.0,0.0,0.0,0.0,75.0,5739.666666666667,2280.0,9375.0,7087.0,9007.0,75.0,445.0,1.0,2357.0,2356.0,2357.0,2357.0,2357.0,480.0,11640.625,7256.0,26335.0,14359.0,16799.0,480.0,445.0,5853.498876404495,2704.0,14807.0,8007.0,10591.0,unikernel_falloc
165,unikernel_50i,8440.0,118.48341232227489,0.0,0.0,0.0,0.0,0.0,0.0,0.0,0.0,0.0,107.0,5451.177570093458,2532.0,9815.0,6999.0,7467.0,107.0,405.0,1.0,1175.0,1175.0,1175.0,1175.0,1175.0,488.0,11120.004098360656,5928.0,21887.0,14247.0,16607.0,488.0,405.0,5577.464197530864,2694.0,12439.0,7431.0,8247.0,unikernel_falloc
166,unikernel_50i,8890.0,112.4859392575928,0.0,0.0,0.0,0.0,0.0,0.0,0.0,0.0,0.0,97.0,5626.515463917526,3094.0,7831.0,6947.0,7823.0,97.0,406.0,1.0,1060.0,1060.0,1060.0,1060.0,1060.0,497.0,11662.981891348089,5320.0,21327.0,15111.0,17919.0,497.0,406.0,5802.9655172413795,2426.0,32527.0,7847.0,10503.0,unikernel_falloc
167,unikernel_50i,8759.0,114.16828405069072,0.0,0.0,0.0,0.0,0.0,0.0,0.0,0.0,0.0,78.0,5688.4358974358975,2934.0,10207.0,7147.0,8163.0,78.0,443.0,1.0,2121.0,2120.0,2121.0,2121.0,2121.0,479.0,11627.515657620042,5384.0,19055.0,15167.0,16799.0,479.0,443.0,5840.851015801354,2982.0,24431.0,7515.0,9215.0,unikernel_falloc
168,unikernel_50i,8315.0,120.26458208057727,0.0,0.0,0.0,0.0,0.0,0.0,0.0,0.0,0.0,90.0,5692.322222222222,3046.0,8607.0,8003.0,8311.0,90.0,401.0,1.0,1187.0,1187.0,1187.0,1187.0,1187.0,509.0,10813.681728880158,6240.0,17199.0,13679.0,14951.0,509.0,401.0,5404.645885286783,2954.0,17935.0,7279.0,8615.0,unikernel_falloc
169,unikernel_50i,8967.0,111.52001784320285,0.0,0.0,0.0,0.0,0.0,0.0,0.0,0.0,0.0,76.0,5986.671052631579,4070.0,12055.0,8255.0,8863.0,76.0,422.0,1.0,1115.0,1115.0,1115.0,1115.0,1115.0,502.0,11655.709163346613,7564.0,20815.0,14407.0,16119.0,502.0,422.0,5982.31990521327,2788.0,30703.0,7975.0,9839.0,unikernel_falloc
170,unikernel_50i,9730.0,102.77492291880782,0.0,0.0,0.0,0.0,0.0,0.0,0.0,0.0,0.0,89.0,5298.247191011236,3046.0,7503.0,6663.0,7095.0,89.0,421.0,1.0,1217.0,1217.0,1217.0,1217.0,1217.0,490.0,10761.967346938776,6540.0,46463.0,13911.0,17775.0,490.0,421.0,6008.862232779097,1993.0,242431.0,7363.0,9639.0,unikernel_falloc
171,unikernel_50i,9373.0,106.68942707777659,0.0,0.0,0.0,0.0,0.0,0.0,0.0,0.0,0.0,71.0,6348.915492957746,3220.0,10175.0,7655.0,8679.0,71.0,409.0,1.0,1933.0,1933.0,1933.0,1933.0,1933.0,520.0,12113.223076923077,6984.0,26399.0,15359.0,17151.0,520.0,409.0,6044.337408312958,2972.0,20031.0,8399.0,9607.0,unikernel_falloc
172,unikernel_50i,10624.0,94.12650602409639,0.0,0.0,0.0,0.0,0.0,0.0,0.0,0.0,0.0,94.0,7924.053191489362,3100.0,143615.0,8903.0,36319.0,94.0,432.0,1.0,1342.0,1342.0,1342.0,1342.0,1342.0,474.0,13908.877637130801,6832.0,154495.0,14983.0,133631.0,474.0,432.0,7235.486111111111,2640.0,148991.0,8031.0,121919.0,unikernel_falloc
173,unikernel_50i,9380.0,106.60980810234541,0.0,0.0,0.0,0.0,0.0,0.0,0.0,0.0,0.0,88.0,6155.079545454545,4038.0,10567.0,8791.0,10143.0,88.0,413.0,1.0,1200.0,1200.0,1200.0,1200.0,1200.0,499.0,12337.719438877755,7472.0,23183.0,16879.0,19935.0,499.0,413.0,6166.462469733656,3308.0,13039.0,9071.0,10911.0,unikernel_falloc
174,unikernel_50i,8718.0,114.70520761642578,0.0,0.0,0.0,0.0,0.0,0.0,0.0,0.0,0.0,88.0,5941.318181818182,2464.0,8855.0,8019.0,8327.0,88.0,412.0,1.0,1240.0,1240.0,1240.0,1240.0,1240.0,500.0,11337.052,7060.0,17615.0,14143.0,15471.0,500.0,412.0,5766.645631067961,2796.0,20319.0,7683.0,9951.0,unikernel_falloc
175,unikernel_50i,10952.0,91.30752373995617,0.0,0.0,0.0,0.0,0.0,0.0,0.0,0.0,0.0,83.0,5670.879518072289,4080.0,10215.0,7315.0,10031.0,83.0,439.0,1.0,1259.0,1259.0,1259.0,1259.0,1259.0,478.0,13310.874476987448,7740.0,559615.0,14639.0,39647.0,478.0,439.0,7471.059225512528,2928.0,315391.0,9103.0,29247.0,unikernel_falloc
176,unikernel_50i,8986.0,111.28421989761851,0.0,0.0,0.0,0.0,0.0,0.0,0.0,0.0,0.0,82.0,5936.573170731707,3528.0,9015.0,7167.0,8223.0,82.0,410.0,1.0,1179.0,1179.0,1179.0,1179.0,1179.0,508.0,11617.338582677165,7576.0,20863.0,14183.0,15543.0,508.0,410.0,5978.721951219512,3294.0,52511.0,7599.0,8935.0,unikernel_falloc
177,unikernel_50i,8783.0,113.85631333257429,0.0,0.0,0.0,0.0,0.0,0.0,0.0,0.0,0.0,77.0,6387.818181818182,3276.0,37183.0,7887.0,16879.0,77.0,428.0,1.0,1206.0,1206.0,1206.0,1206.0,1206.0,495.0,11643.018181818183,5476.0,36447.0,14351.0,15879.0,495.0,428.0,5595.2453271028035,2490.0,20287.0,7595.0,8799.0,unikernel_falloc
178,unikernel_50i,10141.0,98.60960457548565,0.0,0.0,0.0,0.0,0.0,0.0,0.0,0.0,0.0,88.0,5709.261363636364,3570.0,40639.0,7219.0,9983.0,88.0,393.0,1.0,1257.0,1257.0,1257.0,1257.0,1257.0,519.0,12402.535645472062,6484.0,522751.0,14631.0,36287.0,519.0,393.0,6368.356234096692,3236.0,144255.0,7563.0,33247.0,unikernel_falloc
179,unikernel_50i,10086.0,99.14733293674401,0.0,0.0,0.0,0.0,0.0,0.0,0.0,0.0,0.0,85.0,5494.764705882353,3908.0,8047.0,7403.0,7747.0,85.0,408.0,1.0,1155.0,1155.0,1155.0,1155.0,1155.0,507.0,11436.06311637081,7280.0,114367.0,13967.0,32575.0,507.0,408.0,6224.330882352941,3064.0,305663.0,7119.0,13535.0,unikernel_falloc
180,unikernel_50i,9200.0,108.69565217391305,0.0,0.0,0.0,0.0,0.0,0.0,0.0,0.0,0.0,86.0,5943.5,3432.0,9951.0,8311.0,8687.0,86.0,419.0,1.0,1382.0,1382.0,1382.0,1382.0,1382.0,495.0,12110.08888888889,5712.0,26863.0,16671.0,20095.0,495.0,419.0,6057.121718377089,3030.0,23519.0,8359.0,9703.0,unikernel_falloc
181,unikernel_50i,8840.0,113.12217194570135,0.0,0.0,0.0,0.0,0.0,0.0,0.0,0.0,0.0,97.0,5354.567010309278,2112.0,8647.0,7099.0,8615.0,97.0,406.0,1.0,953.0,953.0,953.0,953.0,953.0,497.0,11638.032193158953,4288.0,28527.0,15023.0,16911.0,497.0,406.0,5831.630541871921,1966.0,14151.0,7803.0,8735.0,unikernel_falloc
182,unikernel_50i,9462.0,105.6859015007398,0.0,0.0,0.0,0.0,0.0,0.0,0.0,0.0,0.0,95.0,5787.357894736842,3556.0,10647.0,7323.0,8663.0,95.0,387.0,1.0,1206.0,1206.0,1206.0,1206.0,1206.0,518.0,12284.69111969112,8104.0,23167.0,16543.0,19343.0,518.0,387.0,6211.400516795866,3620.0,22895.0,9279.0,10927.0,unikernel_falloc
183,unikernel_50i,10809.0,92.5154963456379,0.0,0.0,0.0,0.0,0.0,0.0,0.0,0.0,0.0,84.0,5894.821428571428,3716.0,14623.0,7291.0,9543.0,84.0,414.0,1.0,1237.0,1237.0,1237.0,1237.0,1237.0,502.0,14609.637450199203,6968.0,210687.0,14719.0,148863.0,502.0,414.0,6826.816425120773,3178.0,142335.0,7711.0,22607.0,unikernel_falloc
184,unikernel_50i,9941.0,100.59350165979278,0.0,0.0,0.0,0.0,0.0,0.0,0.0,0.0,0.0,97.0,6627.670103092783,2340.0,68479.0,9951.0,57375.0,97.0,381.0,1.0,1312.0,1312.0,1312.0,1312.0,1312.0,522.0,12074.268199233717,4632.0,137471.0,17391.0,48063.0,522.0,381.0,7368.068241469817,2504.0,138623.0,10847.0,61343.0,unikernel_falloc
185,unikernel_50i,8790.0,113.76564277588169,0.0,0.0,0.0,0.0,0.0,0.0,0.0,0.0,0.0,99.0,6003.767676767677,4036.0,8703.0,7571.0,8575.0,99.0,393.0,1.0,1032.0,1032.0,1032.0,1032.0,1032.0,508.0,11453.566929133858,7124.0,18751.0,13887.0,15183.0,508.0,393.0,5727.676844783715,2902.0,11719.0,7695.0,8831.0,unikernel_falloc
186,unikernel_50i,10225.0,97.79951100244499,0.0,0.0,0.0,0.0,0.0,0.0,0.0,0.0,0.0,95.0,9269.126315789474,2578.0,145791.0,8151.0,142591.0,95.0,410.0,1.0,1245.0,1245.0,1245.0,1245.0,1245.0,495.0,13008.367676767677,6192.0,151039.0,14495.0,134143.0,495.0,410.0,6662.368292682927,2158.0,142079.0,7619.0,15399.0,unikernel_falloc
187,unikernel_50i,8971.0,111.47029316687103,0.0,0.0,0.0,0.0,0.0,0.0,0.0,0.0,0.0,97.0,6139.907216494846,4052.0,9295.0,8567.0,8959.0,97.0,408.0,1.0,1213.0,1213.0,1213.0,1213.0,1213.0,495.0,11719.866666666667,6896.0,23391.0,15871.0,19695.0,495.0,408.0,5925.8725490196075,3672.0,15927.0,8527.0,9575.0,unikernel_falloc
188,unikernel_50i,8770.0,114.02508551881414,0.0,0.0,0.0,0.0,0.0,0.0,0.0,0.0,0.0,87.0,6069.597701149425,4050.0,8519.0,7751.0,8375.0,87.0,419.0,1.0,1521.0,1521.0,1521.0,1521.0,1521.0,494.0,11547.182186234817,6664.0,20639.0,14143.0,15559.0,494.0,419.0,5753.663484486873,3012.0,11783.0,7599.0,8727.0,unikernel_falloc
189,unikernel_50i,10595.0,94.38414346389807,0.0,0.0,0.0,0.0,0.0,0.0,0.0,0.0,0.0,78.0,7524.679487179487,2624.0,143231.0,8003.0,9863.0,78.0,434.0,1.0,1194.0,1194.0,1194.0,1194.0,1194.0,488.0,14065.372950819672,5736.0,155263.0,15391.0,147711.0,488.0,434.0,6804.463133640553,2644.0,147327.0,8287.0,36383.0,unikernel_falloc
190,unikernel_50i,8642.0,115.71395510298542,0.0,0.0,0.0,0.0,0.0,0.0,0.0,0.0,0.0,68.0,5542.382352941177,2848.0,8967.0,7899.0,8919.0,68.0,410.0,1.0,2041.0,2041.0,2041.0,2041.0,2041.0,522.0,11101.973180076628,5200.0,19839.0,14343.0,16927.0,522.0,410.0,5444.741463414634,2094.0,17327.0,7751.0,10023.0,unikernel_falloc
191,unikernel_50i,9211.0,108.56584518510476,0.0,0.0,0.0,0.0,0.0,0.0,0.0,0.0,0.0,79.0,5922.164556962025,3932.0,9559.0,7987.0,9535.0,79.0,404.0,1.0,1113.0,1113.0,1113.0,1113.0,1113.0,517.0,11978.003868471953,7648.0,20831.0,15087.0,17743.0,517.0,404.0,5964.0,3430.0,22111.0,8455.0,10127.0,unikernel_falloc
192,unikernel_50i,10880.0,91.91176470588235,0.0,0.0,0.0,0.0,0.0,0.0,0.0,0.0,0.0,81.0,6030.876543209876,3320.0,15455.0,7947.0,14567.0,81.0,404.0,1.0,1371.0,1371.0,1371.0,1371.0,1371.0,515.0,14228.477669902913,7736.0,152831.0,14831.0,146303.0,515.0,404.0,7218.202970297029,2978.0,142975.0,8503.0,27071.0,unikernel_falloc
193,unikernel_50i,8142.0,122.81994595922377,0.0,0.0,0.0,0.0,0.0,0.0,0.0,0.0,0.0,76.0,5687.25,3540.0,8631.0,7595.0,8171.0,76.0,433.0,1.0,1136.0,1136.0,1136.0,1136.0,1136.0,491.0,10707.152749490835,6308.0,23295.0,13255.0,14519.0,491.0,433.0,5371.77598152425,2632.0,17919.0,7247.0,8559.0,unikernel_falloc
194,unikernel_50i,9145.0,109.34937124111536,0.0,0.0,0.0,0.0,0.0,0.0,0.0,0.0,0.0,76.0,6029.828947368421,3526.0,8831.0,8543.0,8655.0,76.0,419.0,1.0,1104.0,1104.0,1104.0,1104.0,1104.0,505.0,11990.4,8128.0,21087.0,15311.0,18527.0,505.0,419.0,5960.0262529832935,2448.0,21679.0,8231.0,10687.0,unikernel_falloc
195,unikernel_50i,8675.0,115.27377521613833,0.0,0.0,0.0,0.0,0.0,0.0,0.0,0.0,0.0,76.0,5250.460526315789,2804.0,11031.0,7583.0,9087.0,76.0,443.0,1.0,1174.0,1174.0,1174.0,1174.0,1174.0,481.0,11634.51975051975,5292.0,23567.0,16527.0,20031.0,481.0,443.0,5712.679458239278,2480.0,20895.0,8263.0,11767.0,unikernel_falloc
196,unikernel_50i,8763.0,114.11617026132603,0.0,0.0,0.0,0.0,0.0,0.0,0.0,0.0,0.0,79.0,5408.734177215189,2234.0,9783.0,7971.0,9039.0,79.0,400.0,1.0,785.0,785.0,785.0,785.0,785.0,521.0,11315.458733205374,4512.0,17439.0,14583.0,16191.0,521.0,400.0,5626.9775,1916.0,25023.0,7819.0,9343.0,unikernel_falloc
197,unikernel_50i,10467.0,95.53835865099838,0.0,0.0,0.0,0.0,0.0,0.0,0.0,0.0,0.0,109.0,5492.568807339449,2784.0,8327.0,7475.0,8167.0,109.0,358.0,1.0,1153.0,1153.0,1153.0,1153.0,1153.0,533.0,11425.917448405253,7584.0,278527.0,14199.0,19903.0,533.0,358.0,5943.7402234636875,2464.0,165887.0,7487.0,11631.0,unikernel_falloc
198,unikernel_50i,10417.0,95.99692809830086,0.0,0.0,0.0,0.0,0.0,0.0,0.0,0.0,0.0,93.0,5480.8387096774195,3198.0,9119.0,7975.0,8815.0,93.0,403.0,1.0,1203.0,1203.0,1203.0,1203.0,1203.0,504.0,11581.70634920635,7228.0,305407.0,14039.0,17103.0,504.0,403.0,5767.091811414392,2876.0,69247.0,7383.0,18127.0,unikernel_falloc
199,unikernel_50i,8745.0,114.35105774728416,0.0,0.0,0.0,0.0,0.0,0.0,0.0,0.0,0.0,85.0,5955.435294117647,3978.0,8839.0,7759.0,8703.0,85.0,435.0,1.0,1154.0,1154.0,1154.0,1154.0,1154.0,480.0,11532.829166666666,7364.0,17407.0,13743.0,15191.0,480.0,435.0,5873.351724137931,3126.0,31071.0,7719.0,8863.0,unikernel_falloc
200,unikernel_50i,8763.0,114.11617026132603,0.0,0.0,0.0,0.0,0.0,0.0,0.0,0.0,0.0,93.0,5825.602150537635,3950.0,8583.0,7151.0,8119.0,93.0,412.0,1.0,1314.0,1314.0,1314.0,1314.0,1314.0,495.0,11558.145454545454,6768.0,43775.0,14103.0,15495.0,495.0,412.0,5756.167475728155,2836.0,17375.0,7875.0,9119.0,unikernel_falloc
201,unikernel_50i,10705.0,93.41429238673517,0.0,0.0,0.0,0.0,0.0,0.0,0.0,0.0,0.0,89.0,5557.685393258427,3350.0,14767.0,8127.0,9311.0,89.0,405.0,1.0,1433.0,1433.0,1433.0,1433.0,1433.0,506.0,12376.90909090909,7748.0,398847.0,14287.0,29007.0,506.0,405.0,7240.2,3450.0,347391.0,7599.0,29983.0,unikernel_falloc
202,unikernel_50i,8778.0,113.9211665527455,0.0,0.0,0.0,0.0,0.0,0.0,0.0,0.0,0.0,71.0,5774.788732394366,3906.0,8839.0,7663.0,8759.0,71.0,432.0,1.0,1189.0,1189.0,1189.0,1189.0,1189.0,497.0,11547.17505030181,8168.0,21215.0,14375.0,16399.0,497.0,432.0,5705.030092592592,3278.0,22415.0,7599.0,9135.0,unikernel_falloc
203,unikernel_50i,8853.0,112.95606009262397,0.0,0.0,0.0,0.0,0.0,0.0,0.0,0.0,0.0,72.0,5690.305555555556,3724.0,9231.0,6867.0,8991.0,72.0,413.0,1.0,1192.0,1192.0,1192.0,1192.0,1192.0,515.0,11506.182524271844,7244.0,18591.0,14295.0,15647.0,515.0,413.0,5699.995157384988,2752.0,38431.0,7363.0,8775.0,unikernel_falloc
204,unikernel_50i,9177.0,108.96807235480004,0.0,0.0,0.0,0.0,0.0,0.0,0.0,0.0,0.0,86.0,5974.430232558139,3996.0,10231.0,7891.0,8183.0,86.0,425.0,1.0,2157.0,2156.0,2157.0,2157.0,2157.0,489.0,12134.253578732107,8088.0,21727.0,15167.0,16975.0,489.0,425.0,6059.235294117647,3482.0,12327.0,8115.0,10167.0,unikernel_falloc
205,unikernel_50i,8211.0,121.78784557301181,0.0,0.0,0.0,0.0,0.0,0.0,0.0,0.0,0.0,103.0,5223.223300970873,1975.0,9375.0,7523.0,8663.0,103.0,411.0,1.0,1023.0,1023.0,1023.0,1023.0,1023.0,486.0,11019.604938271605,5616.0,20815.0,13503.0,15111.0,486.0,411.0,5280.350364963504,1779.0,12175.0,6935.0,8727.0,unikernel_falloc
206,unikernel_50i,9637.0,103.76673238559718,0.0,0.0,0.0,0.0,0.0,0.0,0.0,0.0,0.0,89.0,6203.303370786517,4380.0,11551.0,8799.0,10239.0,89.0,388.0,1.0,1666.0,1666.0,1666.0,1666.0,1666.0,523.0,12427.858508604206,7584.0,27023.0,16367.0,18463.0,523.0,388.0,6278.595360824742,2320.0,27311.0,8735.0,11807.0,unikernel_falloc
207,unikernel_50i,9353.0,106.91756655618518,0.0,0.0,0.0,0.0,0.0,0.0,0.0,0.0,0.0,85.0,5914.270588235294,3324.0,9119.0,7183.0,8983.0,85.0,398.0,1.0,1999.0,1999.0,1999.0,1999.0,1999.0,517.0,12141.350096711798,7940.0,53695.0,15327.0,18111.0,517.0,398.0,6087.293969849246,3082.0,12087.0,8487.0,10343.0,unikernel_falloc
208,unikernel_50i,10686.0,93.58038555118847,0.0,0.0,0.0,0.0,0.0,0.0,0.0,0.0,0.0,74.0,5629.256756756757,4056.0,9135.0,6759.0,7511.0,74.0,395.0,1.0,1471.0,1471.0,1471.0,1471.0,1471.0,531.0,13719.047080979284,7020.0,557055.0,15015.0,91775.0,531.0,395.0,5790.3139240506325,2528.0,44991.0,7715.0,19471.0,unikernel_falloc
209,unikernel_50i,9075.0,110.19283746556474,0.0,0.0,0.0,0.0,0.0,0.0,0.0,0.0,0.0,86.0,5960.46511627907,4312.0,8719.0,8075.0,8511.0,86.0,430.0,1.0,1101.0,1101.0,1101.0,1101.0,1101.0,484.0,12085.669421487602,8352.0,19103.0,16263.0,18015.0,484.0,430.0,6008.981395348837,3270.0,21039.0,8279.0,9551.0,unikernel_falloc
210,unikernel_50i,10852.0,92.14891264283081,0.0,0.0,0.0,0.0,0.0,0.0,0.0,0.0,0.0,88.0,5614.727272727273,3550.0,9391.0,7367.0,8831.0,88.0,429.0,1.0,3533.0,3532.0,3533.0,3533.0,3533.0,483.0,12829.888198757764,7356.0,271103.0,15839.0,37439.0,483.0,429.0,7851.972027972028,2428.0,446207.0,9303.0,86335.0,unikernel_falloc
211,unikernel_50i,8165.0,122.4739742804654,0.0,0.0,0.0,0.0,0.0,0.0,0.0,0.0,0.0,73.0,5084.6164383561645,2184.0,8199.0,7523.0,8191.0,73.0,427.0,1.0,1256.0,1256.0,1256.0,1256.0,1256.0,500.0,10772.32,5800.0,20703.0,13879.0,15343.0,500.0,427.0,5284.573770491803,2322.0,13775.0,7027.0,9215.0,unikernel_falloc
212,unikernel_50i,11006.0,90.85953116481919,0.0,0.0,0.0,0.0,0.0,0.0,0.0,0.0,0.0,86.0,7379.476744186047,4062.0,139007.0,7907.0,9655.0,86.0,373.0,1.0,1269.0,1269.0,1269.0,1269.0,1269.0,541.0,14162.162661737522,7092.0,152831.0,15047.0,147327.0,541.0,373.0,6862.182305630027,2772.0,145919.0,7999.0,24383.0,unikernel_falloc
213,unikernel_50i,8630.0,115.87485515643105,0.0,0.0,0.0,0.0,0.0,0.0,0.0,0.0,0.0,75.0,5799.173333333333,3108.0,9183.0,7279.0,8263.0,75.0,431.0,1.0,1333.0,1333.0,1333.0,1333.0,1333.0,494.0,11413.186234817813,6904.0,19167.0,14055.0,15391.0,494.0,431.0,5602.538283062645,2764.0,12535.0,7499.0,8607.0,unikernel_falloc
214,unikernel_50i,8780.0,113.89521640091117,0.0,0.0,0.0,0.0,0.0,0.0,0.0,0.0,0.0,96.0,5774.5625,3388.0,12271.0,8023.0,9271.0,96.0,426.0,1.0,2151.0,2150.0,2151.0,2151.0,2151.0,478.0,11702.301255230126,7996.0,19487.0,14623.0,16527.0,478.0,426.0,5762.647887323944,2340.0,12415.0,7551.0,8951.0,unikernel_falloc
215,unikernel_50i,9694.0,103.15659170621002,0.0,0.0,0.0,0.0,0.0,0.0,0.0,0.0,0.0,77.0,5921.25974025974,2088.0,13767.0,9143.0,10015.0,77.0,431.0,1.0,1557.0,1557.0,1557.0,1557.0,1557.0,492.0,12873.040650406505,4640.0,152831.0,18591.0,53951.0,492.0,431.0,6078.598607888631,2134.0,56415.0,9895.0,22959.0,unikernel_falloc
216,unikernel_50i,8895.0,112.42270938729624,0.0,0.0,0.0,0.0,0.0,0.0,0.0,0.0,0.0,75.0,5752.546666666667,3280.0,9767.0,7495.0,8911.0,75.0,419.0,1.0,1004.0,1004.0,1004.0,1004.0,1004.0,506.0,11661.138339920948,7680.0,18303.0,14119.0,15423.0,506.0,419.0,5782.594272076372,3528.0,22415.0,7467.0,8655.0,unikernel_falloc
217,unikernel_50i,8744.0,114.36413540713632,0.0,0.0,0.0,0.0,0.0,0.0,0.0,0.0,0.0,79.0,5618.202531645569,2744.0,8023.0,7439.0,8023.0,79.0,416.0,1.0,1090.0,1090.0,1090.0,1090.0,1090.0,505.0,11475.39405940594,5940.0,21455.0,13999.0,15319.0,505.0,416.0,5669.185096153846,2488.0,14751.0,7415.0,8727.0,unikernel_falloc
218,unikernel_50i,10471.0,95.50186228631458,0.0,0.0,0.0,0.0,0.0,0.0,0.0,0.0,0.0,91.0,5399.7032967032965,3970.0,7771.0,7195.0,7735.0,91.0,416.0,1.0,1276.0,1276.0,1276.0,1276.0,1276.0,493.0,13042.340770791076,5500.0,517887.0,15319.0,46687.0,493.0,416.0,5838.444711538462,2736.0,84223.0,7715.0,15095.0,unikernel_falloc
219,unikernel_50i,8974.0,111.43302874972142,0.0,0.0,0.0,0.0,0.0,0.0,0.0,0.0,0.0,92.0,5704.119565217391,2614.0,10335.0,8647.0,9671.0,92.0,422.0,1.0,1608.0,1608.0,1608.0,1608.0,1608.0,486.0,11832.872427983539,5644.0,20719.0,14903.0,17023.0,486.0,422.0,5974.298578199052,2272.0,12951.0,8091.0,9223.0,unikernel_falloc
220,unikernel_50i,8318.0,120.22120702091848,0.0,0.0,0.0,0.0,0.0,0.0,0.0,0.0,0.0,93.0,5288.05376344086,2652.0,8511.0,7299.0,7975.0,93.0,412.0,1.0,1361.0,1361.0,1361.0,1361.0,1361.0,495.0,11060.787878787878,6124.0,20895.0,14511.0,16639.0,495.0,412.0,5295.004854368932,2324.0,11935.0,7715.0,9047.0,unikernel_falloc
221,unikernel_50i,9722.0,102.85949393128986,0.0,0.0,0.0,0.0,0.0,0.0,0.0,0.0,0.0,90.0,5245.055555555556,3274.0,9079.0,7115.0,8215.0,90.0,439.0,1.0,1155.0,1155.0,1155.0,1155.0,1155.0,471.0,11828.878980891719,6844.0,398079.0,13951.0,16831.0,471.0,439.0,5304.466970387244,2338.0,37375.0,7035.0,8511.0,unikernel_falloc
222,unikernel_50i,10610.0,94.2507068803016,0.0,0.0,0.0,0.0,0.0,0.0,0.0,0.0,0.0,74.0,7564.581081081081,2718.0,123071.0,8027.0,10615.0,74.0,459.0,1.0,1177.0,1177.0,1177.0,1177.0,1177.0,467.0,14595.494646680942,6556.0,158463.0,15575.0,146559.0,467.0,459.0,6700.583877995643,2266.0,144511.0,8311.0,10423.0,unikernel_falloc
223,unikernel_50i,10130.0,98.71668311944718,0.0,0.0,0.0,0.0,0.0,0.0,0.0,0.0,0.0,90.0,5463.422222222222,3768.0,19583.0,6799.0,8959.0,90.0,408.0,1.0,1091.0,1091.0,1091.0,1091.0,1091.0,502.0,11467.223107569722,7100.0,206975.0,13791.0,24831.0,502.0,408.0,5838.115196078431,3238.0,63871.0,7667.0,13063.0,unikernel_falloc
224,unikernel_50i,9128.0,109.55302366345312,0.0,0.0,0.0,0.0,0.0,0.0,0.0,0.0,0.0,83.0,5878.819277108434,3980.0,8239.0,7427.0,8167.0,83.0,391.0,1.0,1188.0,1188.0,1188.0,1188.0,1188.0,526.0,11663.920152091256,6680.0,23647.0,14567.0,16087.0,526.0,391.0,6025.324808184143,2604.0,27711.0,8199.0,9415.0,unikernel_falloc
225,unikernel_50i,8410.0,118.90606420927467,0.0,0.0,0.0,0.0,0.0,0.0,0.0,0.0,0.0,75.0,5651.0,3126.0,8719.0,7187.0,8207.0,75.0,414.0,1.0,1191.0,1191.0,1191.0,1191.0,1191.0,511.0,10964.332681017613,6172.0,15799.0,13375.0,14447.0,511.0,414.0,5432.041062801933,1861.0,17391.0,7163.0,8207.0,unikernel_falloc
226,unikernel_50i,8945.0,111.79429849077697,0.0,0.0,0.0,0.0,0.0,0.0,0.0,0.0,0.0,67.0,6078.522388059701,4046.0,9079.0,8103.0,8615.0,67.0,437.0,1.0,1258.0,1258.0,1258.0,1258.0,1258.0,496.0,11806.899193548386,8108.0,21343.0,14679.0,16127.0,496.0,437.0,5802.153318077803,2728.0,14375.0,7779.0,8815.0,unikernel_falloc
227,unikernel_50i,9930.0,100.70493454179255,0.0,0.0,0.0,0.0,0.0,0.0,0.0,0.0,0.0,85.0,5415.447058823529,3588.0,8967.0,7615.0,8727.0,85.0,430.0,1.0,1096.0,1096.0,1096.0,1096.0,1096.0,485.0,11261.954639175257,7416.0,141055.0,14607.0,22127.0,485.0,430.0,5848.390697674418,3344.0,127423.0,7387.0,17919.0,unikernel_falloc
228,unikernel_50i,8546.0,117.01380762930026,0.0,0.0,0.0,0.0,0.0,0.0,0.0,0.0,0.0,74.0,5625.77027027027,2840.0,8831.0,7075.0,7879.0,74.0,409.0,1.0,1288.0,1288.0,1288.0,1288.0,1288.0,517.0,11052.452611218569,6592.0,19231.0,13423.0,14863.0,517.0,409.0,5558.19804400978,2766.0,8647.0,7339.0,8103.0,unikernel_falloc
229,unikernel_50i,9041.0,110.60723371308484,0.0,0.0,0.0,0.0,0.0,0.0,0.0,0.0,0.0,74.0,5932.2027027027025,2392.0,12431.0,8359.0,9391.0,74.0,413.0,1.0,967.0,967.0,967.0,967.0,967.0,513.0,11827.851851851852,6204.0,21663.0,16335.0,19263.0,513.0,413.0,5777.290556900726,2694.0,16239.0,7999.0,10199.0,unikernel_falloc
230,unikernel_50i,8804.0,113.58473421172195,0.0,0.0,0.0,0.0,0.0,0.0,0.0,0.0,0.0,90.0,5930.677777777778,3322.0,10575.0,8135.0,9079.0,90.0,395.0,1.0,2191.0,2190.0,2191.0,2191.0,2191.0,515.0,11395.4213592233,6136.0,17567.0,14535.0,16071.0,515.0,395.0,5617.812658227848,2342.0,24559.0,7247.0,9567.0,unikernel_falloc
231,unikernel_50i,9411.0,106.25863351397301,0.0,0.0,0.0,0.0,0.0,0.0,0.0,0.0,0.0,76.0,5738.828947368421,3000.0,16735.0,7027.0,12151.0,76.0,414.0,1.0,1298.0,1298.0,1298.0,1298.0,1298.0,510.0,12411.549019607843,6000.0,138495.0,14687.0,53119.0,510.0,414.0,6013.096618357488,2466.0,112511.0,7839.0,11583.0,unikernel_falloc
232,unikernel_50i,9340.0,107.06638115631692,0.0,0.0,0.0,0.0,0.0,0.0,0.0,0.0,0.0,92.0,6203.728260869565,3924.0,10895.0,9071.0,10215.0,92.0,404.0,1.0,1120.0,1120.0,1120.0,1120.0,1120.0,504.0,12158.170634920634,6864.0,22719.0,16655.0,19055.0,504.0,404.0,6135.014851485149,2562.0,18399.0,8631.0,10943.0,unikernel_falloc
233,unikernel_50i,8153.0,122.65423770391267,0.0,0.0,0.0,0.0,0.0,0.0,0.0,0.0,0.0,106.0,5691.867924528302,2998.0,9199.0,7655.0,8463.0,106.0,426.0,1.0,1075.0,1075.0,1075.0,1075.0,1075.0,468.0,10949.175213675213,5544.0,18655.0,13903.0,14799.0,468.0,426.0,5353.7981220657275,2114.0,13199.0,6983.0,8003.0,unikernel_falloc
234,unikernel_50i,9213.0,108.54227721697602,0.0,0.0,0.0,0.0,0.0,0.0,0.0,0.0,0.0,86.0,5742.395348837209,3344.0,9391.0,7959.0,8839.0,86.0,386.0,1.0,1375.0,1375.0,1375.0,1375.0,1375.0,528.0,11946.859848484848,6232.0,21455.0,16527.0,19727.0,528.0,386.0,5854.639896373057,2728.0,18399.0,8035.0,9551.0,unikernel_falloc
235,unikernel_50i,9024.0,110.81560283687944,0.0,0.0,0.0,0.0,0.0,0.0,0.0,0.0,0.0,103.0,5993.78640776699,3898.0,10503.0,8239.0,9239.0,103.0,396.0,1.0,1542.0,1542.0,1542.0,1542.0,1542.0,501.0,11863.600798403193,7460.0,24079.0,14719.0,15975.0,501.0,396.0,5868.85101010101,3508.0,12103.0,7491.0,9847.0,unikernel_falloc
236,unikernel_50i,10858.0,92.09799226376865,0.0,0.0,0.0,0.0,0.0,0.0,0.0,0.0,0.0,94.0,5434.202127659574,3940.0,8079.0,6699.0,7371.0,94.0,401.0,1.0,1130.0,1130.0,1130.0,1130.0,1130.0,505.0,12864.962376237623,7688.0,507135.0,14943.0,37471.0,505.0,401.0,6565.518703241895,2802.0,148223.0,7499.0,15007.0,unikernel_falloc
237,unikernel_50i,9085.0,110.0715465052284,0.0,0.0,0.0,0.0,0.0,0.0,0.0,0.0,0.0,84.0,6066.880952380952,2570.0,10743.0,9159.0,10575.0,84.0,409.0,1.0,1117.0,1117.0,1117.0,1117.0,1117.0,507.0,11946.919132149902,6232.0,24735.0,17071.0,19679.0,507.0,409.0,5777.2298288508555,2582.0,19311.0,8519.0,9799.0,unikernel_falloc
238,unikernel_50i,8712.0,114.7842056932966,0.0,0.0,0.0,0.0,0.0,0.0,0.0,0.0,0.0,85.0,5198.788235294118,2628.0,9095.0,6899.0,8239.0,85.0,419.0,1.0,1197.0,1197.0,1197.0,1197.0,1197.0,496.0,11489.879032258064,5540.0,148735.0,14207.0,16639.0,496.0,419.0,5674.3245823389025,2112.0,140799.0,7139.0,8823.0,unikernel_falloc
239,unikernel_50i,10968.0,91.17432530999271,0.0,0.0,0.0,0.0,0.0,0.0,0.0,0.0,0.0,77.0,5635.2467532467535,3342.0,8247.0,6939.0,8239.0,77.0,405.0,1.0,1077.0,1077.0,1077.0,1077.0,1077.0,518.0,12815.718146718147,8184.0,396799.0,14439.0,32271.0,518.0,405.0,6184.125925925926,3218.0,178303.0,7563.0,15079.0,unikernel_falloc
240,unikernel_50i,9911.0,100.89799212995662,0.0,0.0,0.0,0.0,0.0,0.0,0.0,0.0,0.0,77.0,5267.87012987013,3774.0,8103.0,7051.0,7327.0,77.0,425.0,1.0,1317.0,1317.0,1317.0,1317.0,1317.0,498.0,11120.413654618475,7156.0,145535.0,13911.0,21455.0,498.0,425.0,6273.663529411765,2626.0,360191.0,7431.0,11239.0,unikernel_falloc
241,unikernel_50i,9213.0,108.54227721697602,0.0,0.0,0.0,0.0,0.0,0.0,0.0,0.0,0.0,112.0,6057.910714285715,3042.0,9991.0,7983.0,9343.0,112.0,388.0,1.0,893.0,893.0,893.0,893.0,893.0,500.0,12083.924,6732.0,21327.0,15215.0,17215.0,500.0,388.0,6011.631443298969,3060.0,12799.0,8375.0,10031.0,unikernel_falloc
242,unikernel_50i,8986.0,111.28421989761851,0.0,0.0,0.0,0.0,0.0,0.0,0.0,0.0,0.0,82.0,5987.024390243902,2722.0,10903.0,7859.0,9087.0,82.0,428.0,1.0,1192.0,1192.0,1192.0,1192.0,1192.0,490.0,11858.285714285714,7040.0,20431.0,15479.0,19295.0,490.0,428.0,5902.448598130841,2902.0,21535.0,7763.0,9599.0,unikernel_falloc
243,unikernel_50i,9605.0,104.1124414367517,0.0,0.0,0.0,0.0,0.0,0.0,0.0,0.0,0.0,93.0,5176.752688172043,2880.0,10391.0,6591.0,8551.0,93.0,403.0,1.0,1138.0,1138.0,1138.0,1138.0,1138.0,504.0,10648.281746031746,5072.0,33087.0,13463.0,16023.0,504.0,403.0,6203.372208436725,2414.0,281087.0,6811.0,9423.0,unikernel_falloc
244,unikernel_50i,9384.0,106.56436487638534,0.0,0.0,0.0,0.0,0.0,0.0,0.0,0.0,0.0,86.0,6128.906976744186,2854.0,10055.0,7843.0,9695.0,86.0,414.0,1.0,1675.0,1675.0,1675.0,1675.0,1675.0,500.0,12344.292,5736.0,25967.0,16183.0,18575.0,500.0,414.0,6136.347826086957,3090.0,15295.0,8455.0,10207.0,unikernel_falloc
245,unikernel_50i,8846.0,113.04544426859597,0.0,0.0,0.0,0.0,0.0,0.0,0.0,0.0,0.0,77.0,5725.571428571428,3912.0,8215.0,6631.0,7687.0,77.0,441.0,1.0,982.0,982.0,982.0,982.0,982.0,482.0,11752.153526970955,6628.0,20959.0,14487.0,15903.0,482.0,441.0,5893.24716553288,2760.0,19519.0,7955.0,9159.0,unikernel_falloc
246,unikernel_50i,9176.0,108.9799476896251,0.0,0.0,0.0,0.0,0.0,0.0,0.0,0.0,0.0,90.0,5413.566666666667,2344.0,7887.0,6915.0,7723.0,90.0,419.0,1.0,1239.0,1239.0,1239.0,1239.0,1239.0,491.0,12142.47250509165,6360.0,152575.0,14047.0,18831.0,491.0,419.0,6153.102625298329,2406.0,146559.0,7603.0,9519.0,unikernel_falloc
247,unikernel_50i,9095.0,109.95052226498076,0.0,0.0,0.0,0.0,0.0,0.0,0.0,0.0,0.0,91.0,6167.615384615385,2824.0,47647.0,8671.0,17583.0,91.0,404.0,1.0,1340.0,1340.0,1340.0,1340.0,1340.0,505.0,11917.572277227722,5844.0,87231.0,14431.0,39327.0,505.0,404.0,5810.824257425743,2166.0,44991.0,8263.0,13463.0,unikernel_falloc
248,unikernel_50i,9212.0,108.55405992184107,0.0,0.0,0.0,0.0,0.0,0.0,0.0,0.0,0.0,70.0,5964.942857142857,4228.0,10975.0,8063.0,10303.0,70.0,437.0,1.0,1093.0,1093.0,1093.0,1093.0,1093.0,493.0,12135.091277890466,7772.0,21791.0,15911.0,18911.0,493.0,437.0,6094.4439359267735,3154.0,20191.0,8535.0,10695.0,unikernel_falloc
249,unikernel_50i,9667.0,103.44470880314472,0.0,0.0,0.0,0.0,0.0,0.0,0.0,0.0,0.0,89.0,5273.0224719101125,2918.0,8599.0,6407.0,8139.0,89.0,424.0,1.0,1475.0,1475.0,1475.0,1475.0,1475.0,487.0,11734.657084188912,6104.0,281087.0,14239.0,31391.0,487.0,424.0,5272.858490566037,2668.0,22271.0,6959.0,9039.0,unikernel_falloc
250,unikernel_50i,9468.0,105.61892691170257,0.0,0.0,0.0,0.0,0.0,0.0,0.0,0.0,0.0,82.0,5699.329268292683,3006.0,14223.0,7627.0,11559.0,82.0,398.0,1.0,1213.0,1213.0,1213.0,1213.0,1213.0,520.0,12369.4,5628.0,137215.0,15839.0,33119.0,520.0,398.0,6085.361809045226,2226.0,141439.0,7755.0,10287.0,unikernel_falloc
251,unikernel_50i,9011.0,110.97547442015315,0.0,0.0,0.0,0.0,0.0,0.0,0.0,0.0,0.0,89.0,5857.112359550561,3762.0,8943.0,7855.0,8223.0,89.0,400.0,1.0,2179.0,2178.0,2179.0,2179.0,2179.0,511.0,11686.485322896282,8004.0,19039.0,14367.0,15983.0,511.0,400.0,5899.8925,3048.0,20543.0,8139.0,9607.0,unikernel_falloc
252,unikernel_50i,10027.0,99.7307270370001,0.0,0.0,0.0,0.0,0.0,0.0,0.0,0.0,0.0,72.0,5979.708333333333,3588.0,12223.0,6915.0,8223.0,72.0,432.0,1.0,1189.0,1189.0,1189.0,1189.0,1189.0,496.0,12589.91935483871,8224.0,169215.0,14207.0,18863.0,496.0,432.0,7190.74537037037,3200.0,149759.0,8191.0,19439.0,unikernel_falloc
253,unikernel_50i,9390.0,106.49627263045794,0.0,0.0,0.0,0.0,0.0,0.0,0.0,0.0,0.0,81.0,6365.7037037037035,4236.0,10183.0,9383.0,10079.0,81.0,417.0,1.0,1201.0,1201.0,1201.0,1201.0,1201.0,502.0,12254.924302788844,7884.0,24703.0,16575.0,19215.0,502.0,417.0,6168.431654676259,2714.0,33279.0,8599.0,10871.0,unikernel_falloc
254,unikernel_50i,10350.0,96.61835748792271,0.0,0.0,0.0,0.0,0.0,0.0,0.0,0.0,0.0,80.0,7294.1875,2916.0,140799.0,7695.0,8215.0,80.0,414.0,1.0,1200.0,1200.0,1200.0,1200.0,1200.0,506.0,13747.454545454546,6216.0,209535.0,14303.0,146687.0,506.0,414.0,6398.753623188406,2594.0,145791.0,7451.0,15391.0,unikernel_falloc
255,unikernel_50i,9101.0,109.8780353807274,0.0,0.0,0.0,0.0,0.0,0.0,0.0,0.0,0.0,89.0,6078.943820224719,3664.0,10511.0,8327.0,9631.0,89.0,407.0,1.0,1132.0,1132.0,1132.0,1132.0,1132.0,504.0,12020.174603174602,6908.0,21839.0,16431.0,19327.0,504.0,407.0,5814.879606879607,2636.0,11623.0,8399.0,9647.0,unikernel_falloc
256,unikernel_50i,10393.0,96.2186086789185,0.0,0.0,0.0,0.0,0.0,0.0,0.0,0.0,0.0,90.0,5434.655555555555,3334.0,7899.0,6763.0,7767.0,90.0,392.0,1.0,1089.0,1089.0,1089.0,1089.0,1089.0,518.0,11322.03861003861,7188.0,71999.0,13607.0,32255.0,518.0,392.0,6486.451530612245,2776.0,279551.0,7575.0,12743.0,unikernel_falloc
257,unikernel_50i,8834.0,113.19900384876613,0.0,0.0,0.0,0.0,0.0,0.0,0.0,0.0,0.0,90.0,6056.966666666666,3326.0,10127.0,8487.0,9407.0,90.0,441.0,1.0,1073.0,1073.0,1073.0,1073.0,1073.0,469.0,11904.533049040512,6612.0,21679.0,15519.0,18047.0,469.0,441.0,5828.72335600907,2384.0,10655.0,7927.0,10167.0,unikernel_falloc
258,unikernel_50i,8472.0,118.03588290840416,0.0,0.0,0.0,0.0,0.0,0.0,0.0,0.0,0.0,71.0,5501.507042253521,2818.0,7427.0,6935.0,7411.0,71.0,434.0,1.0,1495.0,1495.0,1495.0,1495.0,1495.0,495.0,11248.420202020203,5876.0,22943.0,14287.0,15607.0,495.0,434.0,5431.082949308756,2592.0,11487.0,6891.0,9111.0,unikernel_falloc
259,unikernel_50i,10818.0,92.4385283786282,0.0,0.0,0.0,0.0,0.0,0.0,0.0,0.0,0.0,100.0,8550.76,2820.0,141311.0,8239.0,121663.0,100.0,412.0,1.0,1215.0,1215.0,1215.0,1215.0,1215.0,488.0,14329.815573770491,6940.0,160895.0,15831.0,143871.0,488.0,412.0,6861.5679611650485,3208.0,144639.0,8031.0,10351.0,unikernel_falloc
260,unikernel_50i,9195.0,108.7547580206634,0.0,0.0,0.0,0.0,0.0,0.0,0.0,0.0,0.0,61.0,6043.737704918033,4228.0,9223.0,8187.0,9167.0,61.0,404.0,1.0,1240.0,1240.0,1240.0,1240.0,1240.0,535.0,11656.76261682243,8108.0,18207.0,14591.0,16055.0,535.0,404.0,5973.014851485149,3166.0,70079.0,7827.0,9343.0,unikernel_falloc
261,unikernel_50i,10741.0,93.10120100549297,0.0,0.0,0.0,0.0,0.0,0.0,0.0,0.0,0.0,74.0,7723.648648648648,2394.0,143103.0,7531.0,9399.0,74.0,433.0,1.0,1210.0,1210.0,1210.0,1210.0,1210.0,493.0,14383.367139959431,8248.0,210687.0,15183.0,148863.0,493.0,433.0,6707.806004618938,2878.0,141055.0,7591.0,19215.0,unikernel_falloc
262,unikernel_50i,8416.0,118.8212927756654,0.0,0.0,0.0,0.0,0.0,0.0,0.0,0.0,0.0,92.0,5732.021739130435,3060.0,8247.0,7383.0,8035.0,92.0,418.0,1.0,1147.0,1147.0,1147.0,1147.0,1147.0,490.0,11162.779591836736,6408.0,23039.0,13839.0,15679.0,490.0,418.0,5506.617224880383,2100.0,9063.0,7727.0,8711.0,unikernel_falloc
263,unikernel_50i,10260.0,97.46588693957115,0.0,0.0,0.0,0.0,0.0,0.0,0.0,0.0,0.0,81.0,5465.925925925926,4072.0,9415.0,7503.0,8951.0,81.0,420.0,1.0,1101.0,1101.0,1101.0,1101.0,1101.0,499.0,11832.549098196392,7268.0,150015.0,14239.0,48831.0,499.0,420.0,5552.885714285714,2796.0,20111.0,7739.0,15639.0,unikernel_falloc
264,unikernel_50i,10686.0,93.58038555118847,0.0,0.0,0.0,0.0,0.0,0.0,0.0,0.0,0.0,83.0,5467.361445783133,3888.0,8615.0,7391.0,8039.0,83.0,414.0,1.0,1171.0,1171.0,1171.0,1171.0,1171.0,503.0,11945.598409542743,8068.0,152063.0,14983.0,30511.0,503.0,414.0,6193.555555555556,2124.0,144639.0,7779.0,31023.0,unikernel_falloc
265,unikernel_50i,9060.0,110.37527593818984,0.0,0.0,0.0,0.0,0.0,0.0,0.0,0.0,0.0,95.0,6030.694736842105,2908.0,14151.0,8807.0,10439.0,95.0,391.0,1.0,1296.0,1296.0,1296.0,1296.0,1296.0,514.0,11761.875486381323,6108.0,20191.0,14423.0,17423.0,514.0,391.0,5870.074168797954,2276.0,20367.0,7731.0,9575.0,unikernel_falloc
266,unikernel_50i,9239.0,108.23682216690118,0.0,0.0,0.0,0.0,0.0,0.0,0.0,0.0,0.0,94.0,6054.382978723404,4168.0,10583.0,7479.0,8727.0,94.0,415.0,1.0,1768.0,1768.0,1768.0,1768.0,1768.0,491.0,12102.391038696538,8132.0,17679.0,15047.0,16303.0,491.0,415.0,6072.706024096386,3236.0,28783.0,8023.0,10319.0,unikernel_falloc
267,unikernel_50i,9982.0,100.18032458425165,0.0,0.0,0.0,0.0,0.0,0.0,0.0,0.0,0.0,81.0,5522.320987654321,3896.0,9223.0,7031.0,8535.0,81.0,462.0,1.0,1468.0,1468.0,1468.0,1468.0,1468.0,457.0,11754.210065645515,6404.0,228607.0,14023.0,18895.0,457.0,462.0,5544.38961038961,2914.0,59711.0,7311.0,8839.0,unikernel_falloc
268,unikernel_50i,10452.0,95.67546880979717,0.0,0.0,0.0,0.0,0.0,0.0,0.0,0.0,0.0,76.0,5574.078947368421,3308.0,8871.0,7667.0,8255.0,76.0,432.0,1.0,1105.0,1105.0,1105.0,1105.0,1105.0,492.0,11467.873983739837,6332.0,109311.0,13975.0,17439.0,492.0,432.0,7352.997685185185,1957.0,453375.0,7735.0,39743.0,unikernel_falloc
269,unikernel_50i,8357.0,119.66016513102788,0.0,0.0,0.0,0.0,0.0,0.0,0.0,0.0,0.0,81.0,5123.7037037037035,2468.0,8007.0,7271.0,7827.0,81.0,408.0,1.0,1544.0,1544.0,1544.0,1544.0,1544.0,511.0,10856.168297455968,6552.0,20735.0,13791.0,15287.0,511.0,408.0,5413.975490196079,1826.0,20495.0,7435.0,9223.0,unikernel_falloc
270,unikernel_50i,9054.0,110.4484205875856,0.0,0.0,0.0,0.0,0.0,0.0,0.0,0.0,0.0,90.0,5796.888888888889,2350.0,10863.0,8951.0,10327.0,90.0,389.0,1.0,1362.0,1362.0,1362.0,1362.0,1362.0,521.0,11778.660268714011,6092.0,23711.0,17103.0,19327.0,521.0,389.0,5729.125964010283,2592.0,12959.0,8231.0,10639.0,unikernel_falloc
271,unikernel_50i,9088.0,110.03521126760563,0.0,0.0,0.0,0.0,0.0,0.0,0.0,0.0,0.0,85.0,5860.211764705882,2612.0,9503.0,7455.0,8615.0,85.0,425.0,1.0,1610.0,1610.0,1610.0,1610.0,1610.0,490.0,12076.787755102041,8176.0,25055.0,15399.0,17711.0,490.0,425.0,5969.261176470588,2992.0,16591.0,8343.0,10255.0,unikernel_falloc
272,unikernel_50i,10459.0,95.61143512764127,0.0,0.0,0.0,0.0,0.0,0.0,0.0,0.0,0.0,92.0,5565.326086956522,2912.0,8879.0,7491.0,8059.0,92.0,402.0,1.0,1271.0,1271.0,1271.0,1271.0,1271.0,506.0,12351.509881422924,7248.0,386303.0,14263.0,21935.0,506.0,402.0,5491.880597014925,3290.0,18575.0,7403.0,9695.0,unikernel_falloc
273,unikernel_50i,8999.0,111.123458162018,0.0,0.0,0.0,0.0,0.0,0.0,0.0,0.0,0.0,94.0,6091.776595744681,3130.0,12167.0,8919.0,10639.0,94.0,414.0,1.0,1192.0,1192.0,1192.0,1192.0,1192.0,492.0,11828.642276422765,6724.0,20255.0,16359.0,18351.0,492.0,414.0,5931.898550724638,2758.0,11119.0,8463.0,9663.0,unikernel_falloc
274,unikernel_50i,8852.0,112.96882060551287,0.0,0.0,0.0,0.0,0.0,0.0,0.0,0.0,0.0,80.0,8428.075,3372.0,121151.0,8791.0,120959.0,80.0,442.0,1.0,1277.0,1277.0,1277.0,1277.0,1277.0,478.0,11750.523012552301,5832.0,144511.0,13695.0,18671.0,478.0,442.0,5446.837104072398,2068.0,28431.0,7651.0,9519.0,unikernel_falloc
275,unikernel_50i,9016.0,110.91393078970718,0.0,0.0,0.0,0.0,0.0,0.0,0.0,0.0,0.0,77.0,6279.272727272727,4116.0,10511.0,8391.0,10399.0,77.0,452.0,1.0,1217.0,1217.0,1217.0,1217.0,1217.0,471.0,12235.779193205944,6732.0,23199.0,17311.0,19311.0,471.0,452.0,5819.3561946902655,2692.0,13055.0,8271.0,11031.0,unikernel_falloc
276,unikernel_50i,8922.0,112.08249271463798,0.0,0.0,0.0,0.0,0.0,0.0,0.0,0.0,0.0,83.0,6055.6024096385545,4058.0,9511.0,7959.0,8775.0,83.0,406.0,1.0,2161.0,2160.0,2161.0,2161.0,2161.0,511.0,11578.915851272015,6284.0,20655.0,14327.0,17071.0,511.0,406.0,5760.527093596059,2928.0,11103.0,7607.0,9143.0,unikernel_falloc
277,unikernel_50i,9075.0,110.19283746556474,0.0,0.0,0.0,0.0,0.0,0.0,0.0,0.0,0.0,76.0,6212.0921052631575,2466.0,57983.0,7571.0,20703.0,76.0,413.0,1.0,1130.0,1130.0,1130.0,1130.0,1130.0,511.0,11545.3385518591,5724.0,80127.0,14311.0,33183.0,511.0,413.0,5788.322033898305,2254.0,64863.0,7871.0,11959.0,unikernel_falloc
278,unikernel_50i,8926.0,112.03226529240422,0.0,0.0,0.0,0.0,0.0,0.0,0.0,0.0,0.0,76.0,5840.263157894737,2998.0,9879.0,7519.0,9487.0,76.0,441.0,1.0,1650.0,1650.0,1650.0,1650.0,1650.0,483.0,11794.467908902692,6560.0,21967.0,15983.0,18783.0,483.0,441.0,5953.632653061224,2852.0,13087.0,9031.0,11767.0,unikernel_falloc
279,unikernel_50i,8827.0,113.28877308258751,0.0,0.0,0.0,0.0,0.0,0.0,0.0,0.0,0.0,89.0,6025.0224719101125,2936.0,11607.0,9103.0,10527.0,89.0,408.0,1.0,1384.0,1384.0,1384.0,1384.0,1384.0,503.0,11551.351888667992,5680.0,22287.0,16335.0,19375.0,503.0,408.0,5716.232843137255,1890.0,19935.0,8463.0,10415.0,unikernel_falloc
280,unikernel_50i,9061.0,110.36309458117205,0.0,0.0,0.0,0.0,0.0,0.0,0.0,0.0,0.0,74.0,5973.5,2788.0,10047.0,8147.0,9191.0,74.0,422.0,1.0,913.0,913.0,913.0,913.0,913.0,504.0,11834.714285714286,6720.0,23311.0,15055.0,17247.0,504.0,422.0,5857.296208530805,2516.0,32399.0,7503.0,9199.0,unikernel_falloc
281,unikernel_50i,8954.0,111.68192986374804,0.0,0.0,0.0,0.0,0.0,0.0,0.0,0.0,0.0,76.0,6484.4078947368425,2212.0,51007.0,7715.0,36831.0,76.0,436.0,1.0,1213.0,1213.0,1213.0,1213.0,1213.0,488.0,11559.717213114754,5316.0,90367.0,14583.0,17759.0,488.0,436.0,5970.823394495413,1971.0,74367.0,7787.0,21583.0,unikernel_falloc
282,unikernel_50i,9956.0,100.44194455604661,0.0,0.0,0.0,0.0,0.0,0.0,0.0,0.0,0.0,92.0,5832.663043478261,3084.0,9911.0,7663.0,9239.0,92.0,384.0,1.0,1201.0,1201.0,1201.0,1201.0,1201.0,524.0,12610.545801526718,7080.0,155135.0,14391.0,17039.0,524.0,384.0,6816.893229166667,2296.0,143871.0,8063.0,11263.0,unikernel_falloc
283,unikernel_50i,9467.0,105.63008344776593,0.0,0.0,0.0,0.0,0.0,0.0,0.0,0.0,0.0,80.0,6319.2,4184.0,12767.0,9391.0,10967.0,80.0,405.0,1.0,1319.0,1319.0,1319.0,1319.0,1319.0,515.0,12259.75145631068,8256.0,26399.0,16383.0,19663.0,515.0,405.0,6146.444444444444,3404.0,12615.0,8735.0,10911.0,unikernel_falloc
284,unikernel_50i,9130.0,109.5290251916758,0.0,0.0,0.0,0.0,0.0,0.0,0.0,0.0,0.0,89.0,7561.5842696629215,2352.0,101631.0,10071.0,48319.0,89.0,421.0,1.0,1210.0,1210.0,1210.0,1210.0,1210.0,490.0,12050.155102040817,5840.0,133247.0,14575.0,37183.0,490.0,421.0,5620.532066508314,1781.0,23311.0,7275.0,11671.0,unikernel_falloc
285,unikernel_50i,10819.0,92.42998428690267,0.0,0.0,0.0,0.0,0.0,0.0,0.0,0.0,0.0,100.0,5893.12,3160.0,10303.0,7855.0,9871.0,100.0,384.0,1.0,1191.0,1191.0,1191.0,1191.0,1191.0,516.0,13361.755813953489,7724.0,155263.0,14855.0,125503.0,516.0,384.0,8031.861979166667,2882.0,145919.0,7915.0,139775.0,unikernel_falloc
286,unikernel_50i,8331.0,120.03360941063498,0.0,0.0,0.0,0.0,0.0,0.0,0.0,0.0,0.0,79.0,5576.53164556962,3812.0,8191.0,6703.0,7743.0,79.0,428.0,1.0,1221.0,1221.0,1221.0,1221.0,1221.0,493.0,11024.985801217039,7044.0,15823.0,13543.0,14943.0,493.0,428.0,5422.413551401869,3052.0,20527.0,7155.0,8423.0,unikernel_falloc
287,unikernel_50i,9054.0,110.4484205875856,0.0,0.0,0.0,0.0,0.0,0.0,0.0,0.0,0.0,73.0,6295.397260273972,4344.0,10591.0,9319.0,10263.0,73.0,423.0,1.0,1360.0,1360.0,1360.0,1360.0,1360.0,504.0,11791.924603174602,6420.0,19183.0,15343.0,17423.0,504.0,423.0,5934.286052009456,2556.0,22735.0,8415.0,10063.0,unikernel_falloc
288,unikernel_50i,10518.0,95.07510933637573,0.0,0.0,0.0,0.0,0.0,0.0,0.0,0.0,0.0,77.0,6010.311688311688,4372.0,9359.0,7839.0,8727.0,77.0,438.0,1.0,1146.0,1146.0,1146.0,1146.0,1146.0,485.0,14265.282474226804,6980.0,169215.0,14911.0,151423.0,485.0,438.0,6798.356164383562,3252.0,143871.0,7907.0,10623.0,unikernel_falloc
289,unikernel_50i,8897.0,112.39743733842869,0.0,0.0,0.0,0.0,0.0,0.0,0.0,0.0,0.0,78.0,6056.0641025641025,3728.0,12087.0,6927.0,8139.0,78.0,430.0,1.0,1302.0,1302.0,1302.0,1302.0,1302.0,492.0,11651.252032520326,7020.0,20831.0,14359.0,16103.0,492.0,430.0,5910.079069767442,2986.0,39775.0,7787.0,9735.0,unikernel_falloc
290,unikernel_50i,8701.0,114.92931846914148,0.0,0.0,0.0,0.0,0.0,0.0,0.0,0.0,0.0,85.0,5908.635294117647,4120.0,11055.0,8151.0,10335.0,85.0,455.0,1.0,1080.0,1080.0,1080.0,1080.0,1080.0,460.0,11765.2,6600.0,19071.0,14439.0,15623.0,460.0,455.0,5798.452747252747,3200.0,19791.0,7271.0,9231.0,unikernel_falloc
291,unikernel_50i,8813.0,113.46873936230568,0.0,0.0,0.0,0.0,0.0,0.0,0.0,0.0,0.0,87.0,5694.540229885058,2960.0,10143.0,7527.0,9135.0,87.0,422.0,1.0,1161.0,1161.0,1161.0,1161.0,1161.0,491.0,11499.723014256619,6392.0,17535.0,13935.0,15287.0,491.0,422.0,5862.872037914692,2996.0,34623.0,7675.0,9015.0,unikernel_falloc
292,unikernel_50i,8935.0,111.9194180190263,0.0,0.0,0.0,0.0,0.0,0.0,0.0,0.0,0.0,86.0,6055.895348837209,3568.0,12231.0,7951.0,9399.0,86.0,416.0,1.0,2263.0,2262.0,2263.0,2263.0,2263.0,498.0,11717.489959839357,8176.0,20831.0,14495.0,17183.0,498.0,416.0,5806.100961538462,2952.0,13087.0,7699.0,9063.0,unikernel_falloc
293,unikernel_50i,8863.0,112.8286133363421,0.0,0.0,0.0,0.0,0.0,0.0,0.0,0.0,0.0,80.0,5959.5375,2518.0,10095.0,7543.0,9551.0,80.0,435.0,1.0,1104.0,1104.0,1104.0,1104.0,1104.0,485.0,11676.061855670103,8068.0,23631.0,14655.0,18223.0,485.0,435.0,5842.990804597701,3466.0,19871.0,7823.0,9023.0,unikernel_falloc
294,unikernel_50i,8790.0,113.76564277588169,0.0,0.0,0.0,0.0,0.0,0.0,0.0,0.0,0.0,68.0,5354.132352941177,1966.0,9159.0,7167.0,7679.0,68.0,428.0,1.0,1237.0,1237.0,1237.0,1237.0,1237.0,504.0,11337.70634920635,6056.0,129919.0,14071.0,15359.0,504.0,428.0,5787.044392523365,1904.0,141055.0,7691.0,8807.0,unikernel_falloc
295,unikernel_50i,10183.0,98.20288716488265,0.0,0.0,0.0,0.0,0.0,0.0,0.0,0.0,0.0,83.0,5814.253012048192,4058.0,10071.0,7399.0,8695.0,83.0,438.0,1.0,1114.0,1114.0,1114.0,1114.0,1114.0,479.0,13228.08350730689,6992.0,302847.0,14831.0,20095.0,479.0,438.0,7172.299086757991,2788.0,149759.0,7803.0,12999.0,unikernel_falloc
296,unikernel_50i,8540.0,117.096018735363,0.0,0.0,0.0,0.0,0.0,0.0,0.0,0.0,0.0,88.0,5757.306818181818,3244.0,8887.0,7879.0,8663.0,88.0,431.0,1.0,1048.0,1048.0,1048.0,1048.0,1048.0,481.0,11229.7920997921,6020.0,17151.0,14135.0,15759.0,481.0,431.0,5614.570765661253,2500.0,19391.0,7659.0,8943.0,unikernel_falloc
297,unikernel_50i,9094.0,109.96261271167803,0.0,0.0,0.0,0.0,0.0,0.0,0.0,0.0,0.0,78.0,6270.0641025641025,4054.0,10639.0,8511.0,9463.0,78.0,409.0,1.0,1219.0,1219.0,1219.0,1219.0,1219.0,513.0,11834.24171539961,6880.0,21183.0,15375.0,18111.0,513.0,409.0,5829.034229828851,2792.0,11383.0,8055.0,10111.0,unikernel_falloc
298,unikernel_50i,8645.0,115.6737998843262,0.0,0.0,0.0,0.0,0.0,0.0,0.0,0.0,0.0,75.0,5397.293333333333,3246.0,7831.0,6767.0,7363.0,75.0,384.0,1.0,1372.0,1372.0,1372.0,1372.0,1372.0,541.0,11051.138632162661,6364.0,15767.0,13647.0,14759.0,541.0,384.0,5542.489583333333,2590.0,33023.0,7455.0,8727.0,unikernel_falloc
299,unikernel_50i,8968.0,111.50758251561106,0.0,0.0,0.0,0.0,0.0,0.0,0.0,0.0,0.0,84.0,5866.666666666667,3660.0,9519.0,8139.0,8887.0,84.0,390.0,1.0,1324.0,1324.0,1324.0,1324.0,1324.0,526.0,11577.174904942965,7776.0,20623.0,13951.0,15303.0,526.0,390.0,5789.3128205128205,3442.0,14583.0,7631.0,8943.0,unikernel_falloc
