,instance,"OVERALL, RunTime(ms)","OVERALL, Throughput(ops/sec)","TOTAL_GCS_G1_Young_Generation, Count","TOTAL_GC_TIME_G1_Young_Generation, Time(ms)","TOTAL_GC_TIME_%_G1_Young_Generation, Time(%)","TOTAL_GCS_G1_Old_Generation, Count","TOTAL_GC_TIME_G1_Old_Generation, Time(ms)","TOTAL_GC_TIME_%_G1_Old_Generation, Time(%)","TOTAL_GCs, Count","TOTAL_GC_TIME, Time(ms)","TOTAL_GC_TIME_%, Time(%)","READ, Operations","READ, AverageLatency(us)","READ, MinLatency(us)","READ, MaxLatency(us)","READ, 95thPercentileLatency(us)","READ, 99thPercentileLatency(us)","READ, Return=OK","READ, Return=ERROR","CLEANUP, Operations","CLEANUP, AverageLatency(us)","CLEANUP, MinLatency(us)","CLEANUP, MaxLatency(us)","CLEANUP, 95thPercentileLatency(us)","CLEANUP, 99thPercentileLatency(us)","READ-FAILED, Operations","READ-FAILED, AverageLatency(us)","READ-FAILED, MinLatency(us)","READ-FAILED, MaxLatency(us)","READ-FAILED, 95thPercentileLatency(us)","READ-FAILED, 99thPercentileLatency(us)","INSERT, Operations","INSERT, AverageLatency(us)","INSERT, MinLatency(us)","INSERT, MaxLatency(us)","INSERT, 95thPercentileLatency(us)","INSERT, 99thPercentileLatency(us)","INSERT, Return=OK",source
0,docker_6379i,9374.0,106.67804565820354,0.0,0.0,0.0,0.0,0.0,0.0,0.0,0.0,0.0,87.0,5831.6551724137935,3014.0,7863.0,7091.0,7395.0,87.0,413.0,1.0,1173.0,1173.0,1173.0,1173.0,1173.0,413.0,6160.414043583535,2580.0,29839.0,7939.0,9047.0,500.0,12333.296,6696.0,18991.0,15559.0,16863.0,500.0,docker
1,docker_6379i,9483.0,105.45186122535063,0.0,0.0,0.0,0.0,0.0,0.0,0.0,0.0,0.0,86.0,6068.918604651163,2938.0,9951.0,8039.0,9591.0,86.0,397.0,1.0,1170.0,1170.0,1170.0,1170.0,1170.0,397.0,6044.080604534005,3082.0,17695.0,8043.0,9543.0,517.0,12387.883945841393,6724.0,29743.0,15423.0,17119.0,517.0,docker
2,docker_6379i,9310.0,107.41138560687433,0.0,0.0,0.0,0.0,0.0,0.0,0.0,0.0,0.0,79.0,6116.987341772152,3086.0,9351.0,7531.0,9303.0,79.0,443.0,1.0,1496.0,1496.0,1496.0,1496.0,1496.0,443.0,6157.496613995485,2918.0,24975.0,8103.0,9527.0,478.0,12448.736401673641,6116.0,18847.0,15511.0,17327.0,478.0,docker
3,docker_6379i,9304.0,107.48065348237317,0.0,0.0,0.0,0.0,0.0,0.0,0.0,0.0,0.0,80.0,5928.125,2938.0,8631.0,7511.0,8103.0,80.0,408.0,1.0,1333.0,1333.0,1333.0,1333.0,1333.0,408.0,6009.879901960784,3144.0,13887.0,7751.0,9023.0,512.0,12157.484375,6048.0,27263.0,14903.0,16047.0,512.0,docker
4,docker_6379i,10289.0,97.19117504130625,0.0,0.0,0.0,0.0,0.0,0.0,0.0,0.0,0.0,75.0,7345.053333333333,2710.0,120959.0,8383.0,36095.0,75.0,439.0,1.0,1260.0,1260.0,1260.0,1260.0,1260.0,439.0,6525.617312072893,1929.0,142975.0,8051.0,9695.0,486.0,13756.732510288066,4328.0,239103.0,14855.0,144511.0,486.0,docker
5,docker_6379i,9249.0,108.11979673478214,0.0,0.0,0.0,0.0,0.0,0.0,0.0,0.0,0.0,84.0,6220.642857142857,3222.0,10519.0,7931.0,9351.0,84.0,407.0,1.0,1351.0,1351.0,1351.0,1351.0,1351.0,407.0,5996.329238329238,2284.0,13575.0,8003.0,10039.0,509.0,12036.310412573674,6784.0,28783.0,15279.0,16703.0,509.0,docker
6,docker_6379i,9091.0,109.99890001099989,0.0,0.0,0.0,0.0,0.0,0.0,0.0,0.0,0.0,81.0,6265.234567901234,4100.0,10007.0,8503.0,9535.0,81.0,427.0,1.0,1266.0,1266.0,1266.0,1266.0,1266.0,427.0,5943.288056206089,2488.0,13663.0,7995.0,10111.0,492.0,11986.158536585366,6300.0,29039.0,14607.0,16495.0,492.0,docker
7,docker_6379i,9071.0,110.24142872891633,0.0,0.0,0.0,0.0,0.0,0.0,0.0,0.0,0.0,96.0,6080.260416666667,3782.0,9735.0,8171.0,8775.0,96.0,418.0,1.0,1250.0,1250.0,1250.0,1250.0,1250.0,418.0,6032.887559808612,2852.0,26287.0,8011.0,9111.0,486.0,11942.921810699589,6276.0,16511.0,14687.0,15487.0,486.0,docker
8,docker_6379i,9209.0,108.5894233901618,0.0,0.0,0.0,0.0,0.0,0.0,0.0,0.0,0.0,85.0,6339.376470588235,3732.0,10311.0,8751.0,9255.0,85.0,441.0,1.0,1229.0,1229.0,1229.0,1229.0,1229.0,441.0,6171.222222222223,2714.0,19695.0,8119.0,9775.0,474.0,12252.708860759494,6280.0,18703.0,15359.0,16527.0,474.0,docker
9,docker_6379i,9079.0,110.14428901861439,0.0,0.0,0.0,0.0,0.0,0.0,0.0,0.0,0.0,71.0,6107.239436619719,3232.0,9159.0,8663.0,9111.0,71.0,447.0,1.0,1290.0,1290.0,1290.0,1290.0,1290.0,447.0,5928.015659955257,2652.0,21823.0,7799.0,9031.0,482.0,12110.261410788382,6252.0,17871.0,15191.0,16335.0,482.0,docker
10,docker_6379i,9354.0,106.90613641223007,0.0,0.0,0.0,0.0,0.0,0.0,0.0,0.0,0.0,82.0,6081.926829268293,4156.0,14319.0,8007.0,8599.0,82.0,392.0,1.0,1525.0,1525.0,1525.0,1525.0,1525.0,392.0,5885.857142857143,2636.0,17455.0,7863.0,9599.0,526.0,12157.665399239544,7268.0,21631.0,15151.0,17151.0,526.0,docker
11,docker_6379i,9279.0,107.77023386140748,0.0,0.0,0.0,0.0,0.0,0.0,0.0,0.0,0.0,82.0,6084.243902439024,2988.0,10383.0,7715.0,8647.0,82.0,404.0,1.0,1393.0,1393.0,1393.0,1393.0,1393.0,404.0,5980.39603960396,3048.0,14511.0,7879.0,9127.0,514.0,12085.451361867705,6304.0,19407.0,14927.0,16327.0,514.0,docker
12,docker_6379i,10513.0,95.12032721392562,0.0,0.0,0.0,0.0,0.0,0.0,0.0,0.0,0.0,79.0,6735.2531645569625,2520.0,101631.0,7495.0,9215.0,79.0,427.0,1.0,978.0,978.0,978.0,978.0,978.0,427.0,6888.871194379391,2009.0,141055.0,7923.0,50143.0,494.0,13892.995951417004,4368.0,238719.0,15359.0,144895.0,494.0,docker
13,docker_6379i,9493.0,105.34077741493732,0.0,0.0,0.0,0.0,0.0,0.0,0.0,0.0,0.0,87.0,5914.436781609195,3020.0,7951.0,7763.0,7899.0,87.0,388.0,1.0,1321.0,1321.0,1321.0,1321.0,1321.0,388.0,6014.731958762886,2836.0,22719.0,7799.0,9519.0,525.0,12319.851428571428,6796.0,29599.0,15391.0,16895.0,525.0,docker
14,docker_6379i,9619.0,103.96091069757772,0.0,0.0,0.0,0.0,0.0,0.0,0.0,0.0,0.0,81.0,6174.493827160494,3148.0,8871.0,7859.0,8199.0,81.0,388.0,1.0,1159.0,1159.0,1159.0,1159.0,1159.0,388.0,6124.507731958763,2612.0,15231.0,8199.0,10031.0,531.0,12402.53483992467,7492.0,25967.0,15415.0,16735.0,531.0,docker
15,docker_6379i,9536.0,104.86577181208054,0.0,0.0,0.0,0.0,0.0,0.0,0.0,0.0,0.0,90.0,6192.433333333333,2890.0,9695.0,8423.0,9295.0,90.0,406.0,1.0,1249.0,1249.0,1249.0,1249.0,1249.0,406.0,6219.364532019705,3028.0,12151.0,8139.0,9543.0,504.0,12513.261904761905,6576.0,19679.0,15359.0,17215.0,504.0,docker
16,docker_6379i,9115.0,109.70927043335162,0.0,0.0,0.0,0.0,0.0,0.0,0.0,0.0,0.0,94.0,5980.659574468085,3590.0,12303.0,8003.0,9639.0,94.0,423.0,1.0,1206.0,1206.0,1206.0,1206.0,1206.0,423.0,6073.295508274232,2946.0,22095.0,8103.0,9551.0,483.0,12076.16563146998,6860.0,29871.0,15135.0,16639.0,483.0,docker
17,docker_6379i,8540.0,117.096018735363,0.0,0.0,0.0,0.0,0.0,0.0,0.0,0.0,0.0,88.0,5897.215909090909,3306.0,8223.0,7875.0,8175.0,88.0,411.0,1.0,1352.0,1352.0,1352.0,1352.0,1352.0,411.0,5432.574209245742,2328.0,12119.0,7455.0,8655.0,501.0,11268.111776447106,5184.0,21519.0,14335.0,16119.0,501.0,docker
18,docker_6379i,9377.0,106.64391596459421,0.0,0.0,0.0,0.0,0.0,0.0,0.0,0.0,0.0,86.0,6166.7441860465115,4456.0,9023.0,7983.0,8935.0,86.0,419.0,1.0,1282.0,1282.0,1282.0,1282.0,1282.0,419.0,6139.4964200477325,3098.0,13991.0,8271.0,10255.0,495.0,12361.373737373737,7768.0,23567.0,15319.0,16959.0,495.0,docker
19,docker_6379i,9362.0,106.81478316599018,0.0,0.0,0.0,0.0,0.0,0.0,0.0,0.0,0.0,79.0,6162.974683544304,3996.0,16335.0,8543.0,8975.0,79.0,445.0,1.0,1330.0,1330.0,1330.0,1330.0,1330.0,445.0,6172.723595505618,2500.0,17455.0,7983.0,9903.0,476.0,12502.11344537815,5876.0,22319.0,15711.0,16783.0,476.0,docker
20,docker_6379i,9365.0,106.78056593699947,0.0,0.0,0.0,0.0,0.0,0.0,0.0,0.0,0.0,81.0,6373.777777777777,2998.0,10447.0,9831.0,10223.0,81.0,424.0,1.0,1576.0,1576.0,1576.0,1576.0,1576.0,424.0,6099.573113207547,2160.0,24687.0,8099.0,9607.0,495.0,12346.00808080808,6948.0,17295.0,15031.0,16351.0,495.0,docker
21,docker_6379i,9051.0,110.48502927853276,0.0,0.0,0.0,0.0,0.0,0.0,0.0,0.0,0.0,84.0,6037.202380952381,2444.0,9159.0,8039.0,8239.0,84.0,429.0,1.0,1565.0,1565.0,1565.0,1565.0,1565.0,429.0,5953.354312354312,2888.0,13871.0,8343.0,9463.0,487.0,11954.521560574949,5840.0,22975.0,14727.0,15927.0,487.0,docker
22,docker_6379i,9305.0,107.46910263299301,0.0,0.0,0.0,0.0,0.0,0.0,0.0,0.0,0.0,84.0,6061.047619047619,2266.0,9063.0,8051.0,8695.0,84.0,416.0,1.0,934.0,934.0,934.0,934.0,934.0,416.0,6126.903846153846,2580.0,14495.0,8059.0,9647.0,500.0,12149.048,5604.0,24207.0,15351.0,17295.0,500.0,docker
23,docker_6379i,10919.0,91.58347834050737,0.0,0.0,0.0,0.0,0.0,0.0,0.0,0.0,0.0,89.0,7300.595505617977,2896.0,143359.0,7939.0,9687.0,89.0,409.0,1.0,1208.0,1208.0,1208.0,1208.0,1208.0,409.0,8176.388753056235,2726.0,256255.0,8127.0,101695.0,502.0,13459.848605577688,6928.0,147455.0,15559.0,131839.0,502.0,docker
24,docker_6379i,9104.0,109.84182776801406,0.0,0.0,0.0,0.0,0.0,0.0,0.0,0.0,0.0,73.0,5941.356164383562,2526.0,8895.0,7799.0,8295.0,73.0,452.0,1.0,1292.0,1292.0,1292.0,1292.0,1292.0,452.0,5967.418141592921,2662.0,22287.0,7835.0,9087.0,475.0,12226.496842105264,6344.0,19375.0,14967.0,16303.0,475.0,docker
25,docker_6379i,9530.0,104.9317943336831,0.0,0.0,0.0,0.0,0.0,0.0,0.0,0.0,0.0,87.0,6147.528735632184,2664.0,10023.0,8471.0,9959.0,87.0,392.0,1.0,1088.0,1088.0,1088.0,1088.0,1088.0,392.0,6102.989795918367,2682.0,21967.0,7835.0,9815.0,521.0,12381.224568138196,5564.0,20159.0,15167.0,16783.0,521.0,docker
26,docker_6379i,9388.0,106.51896037494674,0.0,0.0,0.0,0.0,0.0,0.0,0.0,0.0,0.0,78.0,6267.358974358975,2660.0,10071.0,8487.0,10007.0,78.0,418.0,1.0,1202.0,1202.0,1202.0,1202.0,1202.0,418.0,6051.531100478469,2466.0,16015.0,8123.0,9727.0,504.0,12321.817460317461,5768.0,31199.0,15215.0,16511.0,504.0,docker
27,docker_6379i,8870.0,112.73957158962796,0.0,0.0,0.0,0.0,0.0,0.0,0.0,0.0,0.0,82.0,5338.317073170731,3052.0,10063.0,7123.0,8567.0,82.0,368.0,1.0,878.0,878.0,878.0,878.0,878.0,368.0,5638.184782608696,2136.0,21615.0,7743.0,8791.0,550.0,11285.043636363636,5592.0,20063.0,15023.0,16831.0,550.0,docker
28,docker_6379i,9335.0,107.12372790573112,0.0,0.0,0.0,0.0,0.0,0.0,0.0,0.0,0.0,75.0,6176.32,3366.0,9391.0,8047.0,9239.0,75.0,406.0,1.0,1231.0,1231.0,1231.0,1231.0,1231.0,406.0,6080.716748768473,2788.0,21311.0,8175.0,10071.0,519.0,12012.342967244702,5904.0,17423.0,14759.0,15943.0,519.0,docker
29,docker_6379i,9564.0,104.55876202425763,0.0,0.0,0.0,0.0,0.0,0.0,0.0,0.0,0.0,72.0,6076.375,3238.0,10079.0,8191.0,8439.0,72.0,402.0,1.0,1010.0,1010.0,1010.0,1010.0,1010.0,402.0,6077.480099502488,2948.0,12487.0,7999.0,9335.0,526.0,12405.133079847908,6684.0,21039.0,15143.0,16543.0,526.0,docker
30,docker_6379i,9194.0,108.76658690450293,0.0,0.0,0.0,0.0,0.0,0.0,0.0,0.0,0.0,77.0,5894.597402597403,2666.0,9327.0,7175.0,9247.0,77.0,421.0,1.0,1324.0,1324.0,1324.0,1324.0,1324.0,421.0,5888.064133016627,2384.0,21727.0,7539.0,9015.0,502.0,12128.948207171316,6028.0,22367.0,15119.0,16063.0,502.0,docker
31,docker_6379i,9154.0,109.24186148131965,0.0,0.0,0.0,0.0,0.0,0.0,0.0,0.0,0.0,95.0,5833.347368421053,3016.0,9231.0,7951.0,8375.0,95.0,404.0,1.0,1322.0,1322.0,1322.0,1322.0,1322.0,404.0,5974.163366336634,2770.0,13583.0,8031.0,9759.0,501.0,12023.249500998005,6868.0,20671.0,14607.0,16735.0,501.0,docker
32,docker_6379i,9276.0,107.8050884001725,0.0,0.0,0.0,0.0,0.0,0.0,0.0,0.0,0.0,80.0,6280.5,3110.0,9535.0,8703.0,9015.0,80.0,423.0,1.0,1311.0,1311.0,1311.0,1311.0,1311.0,423.0,6035.817966903073,2988.0,13399.0,8079.0,9767.0,497.0,12231.191146881287,7536.0,24319.0,14879.0,16479.0,497.0,docker
33,docker_6379i,9160.0,109.17030567685589,0.0,0.0,0.0,0.0,0.0,0.0,0.0,0.0,0.0,93.0,5740.322580645161,3042.0,9239.0,7511.0,8727.0,93.0,396.0,1.0,1364.0,1364.0,1364.0,1364.0,1364.0,396.0,5942.669191919192,2274.0,22063.0,7807.0,9327.0,511.0,11979.381604696673,6300.0,17183.0,14855.0,16071.0,511.0,docker
34,docker_6379i,9230.0,108.34236186348862,0.0,0.0,0.0,0.0,0.0,0.0,0.0,0.0,0.0,83.0,5901.518072289156,3552.0,8919.0,7767.0,8687.0,83.0,412.0,1.0,1415.0,1415.0,1415.0,1415.0,1415.0,412.0,5950.788834951456,2844.0,10847.0,7671.0,8727.0,505.0,12121.457425742574,6516.0,23183.0,14871.0,15855.0,505.0,docker
35,docker_6379i,9308.0,107.43446497636442,0.0,0.0,0.0,0.0,0.0,0.0,0.0,0.0,0.0,79.0,6043.518987341772,3032.0,9255.0,8367.0,9183.0,79.0,419.0,1.0,1386.0,1386.0,1386.0,1386.0,1386.0,419.0,6023.8472553699285,2618.0,21839.0,8019.0,9367.0,502.0,12164.119521912351,7412.0,18127.0,14959.0,16463.0,502.0,docker
36,docker_6379i,9382.0,106.58708164570454,0.0,0.0,0.0,0.0,0.0,0.0,0.0,0.0,0.0,79.0,6069.658227848101,3134.0,9199.0,7703.0,8839.0,79.0,428.0,1.0,1240.0,1240.0,1240.0,1240.0,1240.0,428.0,6184.565420560748,3064.0,24031.0,8519.0,9303.0,493.0,12372.872210953346,6972.0,17647.0,15239.0,16799.0,493.0,docker
37,docker_6379i,9040.0,110.61946902654867,0.0,0.0,0.0,0.0,0.0,0.0,0.0,0.0,0.0,63.0,5834.619047619048,2956.0,8207.0,7599.0,7811.0,63.0,462.0,1.0,1426.0,1426.0,1426.0,1426.0,1426.0,462.0,5944.645021645022,2904.0,12895.0,8463.0,9231.0,475.0,12141.814736842105,6508.0,23551.0,14927.0,16399.0,475.0,docker
38,docker_6379i,9610.0,104.0582726326743,0.0,0.0,0.0,0.0,0.0,0.0,0.0,0.0,0.0,82.0,6315.170731707317,3166.0,12439.0,8487.0,9623.0,82.0,409.0,1.0,1103.0,1103.0,1103.0,1103.0,1103.0,409.0,6322.99511002445,2758.0,13287.0,8575.0,9527.0,509.0,12466.058939096267,7100.0,24863.0,15199.0,16975.0,509.0,docker
39,docker_6379i,9137.0,109.44511327569224,0.0,0.0,0.0,0.0,0.0,0.0,0.0,0.0,0.0,80.0,5701.525,3080.0,7999.0,7467.0,7819.0,80.0,404.0,1.0,886.0,886.0,886.0,886.0,886.0,404.0,5880.8638613861385,2872.0,24591.0,7903.0,9927.0,516.0,11908.22480620155,6388.0,18303.0,15263.0,16799.0,516.0,docker
40,docker_6379i,9674.0,103.36985734959686,0.0,0.0,0.0,0.0,0.0,0.0,0.0,0.0,0.0,92.0,6283.282608695652,4456.0,9615.0,7815.0,8575.0,92.0,395.0,1.0,1339.0,1339.0,1339.0,1339.0,1339.0,395.0,6273.3569620253165,2700.0,22431.0,8471.0,9823.0,513.0,12567.41910331384,6784.0,18239.0,15535.0,17071.0,513.0,docker
41,docker_6379i,9196.0,108.74293170943889,0.0,0.0,0.0,0.0,0.0,0.0,0.0,0.0,0.0,98.0,6231.785714285715,3054.0,9199.0,7683.0,8471.0,98.0,407.0,1.0,1247.0,1247.0,1247.0,1247.0,1247.0,407.0,6059.727272727273,3098.0,24351.0,7979.0,8815.0,495.0,12044.634343434343,6760.0,16975.0,14471.0,15463.0,495.0,docker
42,docker_6379i,9685.0,103.25245224574084,0.0,0.0,0.0,0.0,0.0,0.0,0.0,0.0,0.0,88.0,6371.534090909091,2950.0,9647.0,9135.0,9535.0,88.0,376.0,1.0,1040.0,1040.0,1040.0,1040.0,1040.0,376.0,6145.265957446809,2790.0,14703.0,8231.0,9823.0,536.0,12409.100746268658,6648.0,21327.0,15359.0,17535.0,536.0,docker
43,docker_6379i,9335.0,107.12372790573112,0.0,0.0,0.0,0.0,0.0,0.0,0.0,0.0,0.0,88.0,6399.761363636364,3406.0,10095.0,8255.0,9559.0,88.0,407.0,1.0,1491.0,1491.0,1491.0,1491.0,1491.0,407.0,6059.857493857494,2822.0,21391.0,7899.0,9335.0,505.0,12173.283168316832,6668.0,19135.0,15111.0,16639.0,505.0,docker
44,docker_6379i,9395.0,106.43959552953699,0.0,0.0,0.0,0.0,0.0,0.0,0.0,0.0,0.0,77.0,6164.571428571428,3154.0,14463.0,8247.0,9455.0,77.0,403.0,1.0,1331.0,1331.0,1331.0,1331.0,1331.0,403.0,5990.794044665013,3072.0,15807.0,7807.0,9759.0,520.0,12192.096153846154,6888.0,32831.0,15175.0,16895.0,520.0,docker
45,docker_6379i,10716.0,93.3184023889511,0.0,0.0,0.0,0.0,0.0,0.0,0.0,0.0,0.0,89.0,7028.29213483146,2796.0,101631.0,8599.0,9807.0,89.0,409.0,1.0,1035.0,1035.0,1035.0,1035.0,1035.0,409.0,7353.696821515892,2846.0,233855.0,8119.0,14183.0,502.0,13776.665338645418,5436.0,147839.0,15591.0,139263.0,502.0,docker
46,docker_6379i,9209.0,108.5894233901618,0.0,0.0,0.0,0.0,0.0,0.0,0.0,0.0,0.0,84.0,6185.130952380952,3394.0,9639.0,8759.0,9407.0,84.0,426.0,1.0,1249.0,1249.0,1249.0,1249.0,1249.0,426.0,6036.0093896713615,2206.0,12863.0,8087.0,10063.0,490.0,12162.583673469388,6548.0,28095.0,15191.0,16575.0,490.0,docker
47,docker_6379i,9423.0,106.12331529236974,0.0,0.0,0.0,0.0,0.0,0.0,0.0,0.0,0.0,85.0,6209.35294117647,2864.0,10407.0,7951.0,9583.0,85.0,403.0,1.0,1023.0,1023.0,1023.0,1023.0,1023.0,403.0,6197.012406947891,2844.0,24863.0,8047.0,9303.0,512.0,12152.8515625,6564.0,47999.0,15351.0,17199.0,512.0,docker
48,docker_6379i,9042.0,110.59500110595,0.0,0.0,0.0,0.0,0.0,0.0,0.0,0.0,0.0,86.0,6030.441860465116,2380.0,8831.0,7743.0,8423.0,86.0,431.0,1.0,1206.0,1206.0,1206.0,1206.0,1206.0,431.0,6000.53596287703,2714.0,24063.0,7999.0,9911.0,483.0,11963.138716356108,5924.0,17711.0,15135.0,16199.0,483.0,docker
49,docker_6379i,9249.0,108.11979673478214,0.0,0.0,0.0,0.0,0.0,0.0,0.0,0.0,0.0,88.0,6193.863636363636,2974.0,11423.0,8487.0,10311.0,88.0,422.0,1.0,1246.0,1246.0,1246.0,1246.0,1246.0,422.0,6064.0118483412325,3156.0,22031.0,7995.0,9551.0,490.0,12217.179591836735,6180.0,16959.0,15047.0,16215.0,490.0,docker
50,docker_6379i,9144.0,109.36132983377078,0.0,0.0,0.0,0.0,0.0,0.0,0.0,0.0,0.0,98.0,6118.122448979592,2798.0,13263.0,8279.0,9631.0,98.0,415.0,1.0,1439.0,1439.0,1439.0,1439.0,1439.0,415.0,5997.95421686747,3014.0,12223.0,8095.0,9375.0,487.0,12105.802874743327,5688.0,24335.0,15151.0,17039.0,487.0,docker
51,docker_6379i,9513.0,105.11931041732366,0.0,0.0,0.0,0.0,0.0,0.0,0.0,0.0,0.0,92.0,6439.108695652174,2312.0,14511.0,7899.0,10287.0,92.0,402.0,1.0,1777.0,1777.0,1777.0,1777.0,1777.0,402.0,6240.325870646766,3482.0,44383.0,8059.0,10127.0,506.0,12324.96837944664,6492.0,21295.0,15311.0,17071.0,506.0,docker
52,docker_6379i,9437.0,105.9658789869662,0.0,0.0,0.0,0.0,0.0,0.0,0.0,0.0,0.0,83.0,5986.0722891566265,3038.0,10831.0,8059.0,9783.0,83.0,401.0,1.0,1322.0,1322.0,1322.0,1322.0,1322.0,401.0,6060.097256857855,2946.0,12135.0,8047.0,9167.0,516.0,12311.701550387597,6404.0,22991.0,15463.0,17039.0,516.0,docker
53,docker_6379i,9609.0,104.06910188365075,0.0,0.0,0.0,0.0,0.0,0.0,0.0,0.0,0.0,94.0,6191.18085106383,2834.0,9447.0,7735.0,9415.0,94.0,388.0,1.0,1101.0,1101.0,1101.0,1101.0,1101.0,388.0,6120.840206185567,2568.0,18911.0,8023.0,9559.0,518.0,12463.04247104247,6360.0,23935.0,15359.0,17087.0,518.0,docker
54,docker_6379i,9607.0,104.09076714895389,0.0,0.0,0.0,0.0,0.0,0.0,0.0,0.0,0.0,83.0,6117.951807228916,1939.0,10143.0,8343.0,9671.0,83.0,400.0,1.0,1361.0,1361.0,1361.0,1361.0,1361.0,400.0,6183.815,2994.0,21407.0,8099.0,9351.0,517.0,12511.195357833656,6988.0,18303.0,15647.0,17039.0,517.0,docker
55,docker_6379i,9384.0,106.56436487638534,0.0,0.0,0.0,0.0,0.0,0.0,0.0,0.0,0.0,88.0,6027.045454545455,4276.0,9655.0,7363.0,8351.0,88.0,405.0,1.0,1281.0,1281.0,1281.0,1281.0,1281.0,405.0,6038.5012345679015,2872.0,11719.0,7935.0,9175.0,507.0,12345.431952662722,6576.0,21631.0,15183.0,16911.0,507.0,docker
56,docker_6379i,9566.0,104.53690152623876,0.0,0.0,0.0,0.0,0.0,0.0,0.0,0.0,0.0,91.0,6177.527472527472,3828.0,9847.0,8091.0,9103.0,91.0,405.0,1.0,1450.0,1450.0,1450.0,1450.0,1450.0,405.0,6309.323456790124,4020.0,14503.0,8559.0,9855.0,504.0,12483.15873015873,7300.0,21487.0,15407.0,16751.0,504.0,docker
57,docker_6379i,9257.0,108.02635843145728,0.0,0.0,0.0,0.0,0.0,0.0,0.0,0.0,0.0,87.0,6293.873563218391,3810.0,9023.0,8155.0,8839.0,87.0,426.0,1.0,1142.0,1142.0,1142.0,1142.0,1142.0,426.0,6057.079812206573,3186.0,10807.0,8223.0,9223.0,487.0,12302.041067761807,8152.0,21839.0,15199.0,16559.0,487.0,docker
58,docker_6379i,9080.0,110.13215859030836,0.0,0.0,0.0,0.0,0.0,0.0,0.0,0.0,0.0,88.0,5956.556818181818,2926.0,10695.0,8099.0,9839.0,88.0,426.0,1.0,1372.0,1372.0,1372.0,1372.0,1372.0,426.0,5997.68544600939,3044.0,23711.0,7903.0,9623.0,486.0,12027.168724279836,5284.0,20767.0,15119.0,16959.0,486.0,docker
59,docker_6379i,9158.0,109.19414719371042,0.0,0.0,0.0,0.0,0.0,0.0,0.0,0.0,0.0,68.0,6155.411764705882,3104.0,10575.0,7955.0,9127.0,68.0,432.0,1.0,1307.0,1307.0,1307.0,1307.0,1307.0,432.0,5845.615740740741,2542.0,13671.0,7635.0,8863.0,500.0,12031.048,6300.0,22671.0,14967.0,17039.0,500.0,docker
60,docker_6379i,9546.0,104.75591870940708,0.0,0.0,0.0,0.0,0.0,0.0,0.0,0.0,0.0,71.0,6185.802816901409,2892.0,8551.0,7679.0,8127.0,71.0,419.0,1.0,1232.0,1232.0,1232.0,1232.0,1232.0,419.0,6193.644391408115,3092.0,15095.0,8075.0,9247.0,510.0,12469.874509803922,6160.0,20719.0,15383.0,16447.0,510.0,docker
61,docker_6379i,8621.0,115.99582415033059,0.0,0.0,0.0,0.0,0.0,0.0,0.0,0.0,0.0,79.0,5316.93670886076,1983.0,10359.0,8087.0,8967.0,79.0,412.0,1.0,1018.0,1018.0,1018.0,1018.0,1018.0,412.0,5548.218446601942,2154.0,17567.0,7763.0,9151.0,509.0,11313.685658153241,5416.0,19487.0,14719.0,16119.0,509.0,docker
62,docker_6379i,9093.0,109.97470581766194,0.0,0.0,0.0,0.0,0.0,0.0,0.0,0.0,0.0,86.0,6139.720930232558,3288.0,10375.0,8479.0,8967.0,86.0,425.0,1.0,1206.0,1206.0,1206.0,1206.0,1206.0,425.0,5981.364705882353,2270.0,28895.0,7939.0,9799.0,489.0,11999.427402862986,6000.0,17327.0,14951.0,15743.0,489.0,docker
63,docker_6379i,9399.0,106.39429726566657,0.0,0.0,0.0,0.0,0.0,0.0,0.0,0.0,0.0,97.0,6311.886597938144,2648.0,10407.0,8043.0,9039.0,97.0,402.0,1.0,1187.0,1187.0,1187.0,1187.0,1187.0,402.0,6125.572139303483,2738.0,28575.0,8039.0,9367.0,501.0,12309.56886227545,6672.0,30031.0,15127.0,16527.0,501.0,docker
64,docker_6379i,9380.0,106.60980810234541,0.0,0.0,0.0,0.0,0.0,0.0,0.0,0.0,0.0,80.0,6040.8375,3206.0,9327.0,7483.0,8783.0,80.0,409.0,1.0,1203.0,1203.0,1203.0,1203.0,1203.0,409.0,6074.909535452322,2990.0,38751.0,7763.0,8815.0,511.0,12226.31311154599,6540.0,18975.0,15151.0,16703.0,511.0,docker
65,docker_6379i,9406.0,106.31511800978099,0.0,0.0,0.0,0.0,0.0,0.0,0.0,0.0,0.0,94.0,6279.829787234043,3728.0,12551.0,8147.0,10375.0,94.0,406.0,1.0,1240.0,1240.0,1240.0,1240.0,1240.0,406.0,6089.317733990148,2878.0,24239.0,8223.0,9391.0,500.0,12332.504,6052.0,19519.0,15303.0,16719.0,500.0,docker
66,docker_6379i,10904.0,91.70946441672781,0.0,0.0,0.0,0.0,0.0,0.0,0.0,0.0,0.0,85.0,8038.7411764705885,3164.0,140799.0,9007.0,50143.0,85.0,433.0,1.0,1000.0,1000.0,1000.0,1000.0,1000.0,433.0,6887.284064665127,2380.0,139391.0,8135.0,11975.0,482.0,14651.41908713693,6816.0,238847.0,15983.0,144511.0,482.0,docker
67,docker_6379i,9152.0,109.26573426573427,0.0,0.0,0.0,0.0,0.0,0.0,0.0,0.0,0.0,102.0,5948.794117647059,3340.0,9111.0,7907.0,8991.0,102.0,401.0,1.0,1140.0,1140.0,1140.0,1140.0,1140.0,401.0,6052.057356608479,2916.0,24255.0,8115.0,9703.0,497.0,11987.251509054326,6368.0,17343.0,14695.0,15695.0,497.0,docker
68,docker_6379i,9295.0,107.58472296933836,0.0,0.0,0.0,0.0,0.0,0.0,0.0,0.0,0.0,83.0,5977.734939759036,2858.0,13151.0,8115.0,9575.0,83.0,409.0,1.0,1197.0,1197.0,1197.0,1197.0,1197.0,409.0,6135.515892420538,2492.0,23695.0,8143.0,9591.0,508.0,12056.866141732284,5932.0,17631.0,14863.0,16559.0,508.0,docker
69,docker_6379i,9537.0,104.85477613505296,0.0,0.0,0.0,0.0,0.0,0.0,0.0,0.0,0.0,89.0,6353.123595505618,4188.0,10167.0,8263.0,10103.0,89.0,386.0,1.0,1252.0,1252.0,1252.0,1252.0,1252.0,386.0,6041.520725388601,2858.0,20959.0,7963.0,9471.0,525.0,12353.874285714286,6980.0,18111.0,15391.0,16767.0,525.0,docker
70,docker_6379i,9397.0,106.41694157709908,0.0,0.0,0.0,0.0,0.0,0.0,0.0,0.0,0.0,79.0,6130.037974683544,2272.0,9327.0,8083.0,9087.0,79.0,425.0,1.0,1271.0,1271.0,1271.0,1271.0,1271.0,425.0,6154.065882352941,2988.0,21503.0,8023.0,10351.0,496.0,12384.516129032258,6048.0,28079.0,15343.0,17087.0,496.0,docker
71,docker_6379i,9137.0,109.44511327569224,0.0,0.0,0.0,0.0,0.0,0.0,0.0,0.0,0.0,91.0,5917.186813186813,3188.0,8631.0,7611.0,8615.0,91.0,425.0,1.0,1298.0,1298.0,1298.0,1298.0,1298.0,425.0,5970.861176470588,2868.0,15095.0,8011.0,9655.0,484.0,12165.227272727272,6708.0,33183.0,15119.0,16495.0,484.0,docker
72,docker_6379i,9452.0,105.79771476936098,0.0,0.0,0.0,0.0,0.0,0.0,0.0,0.0,0.0,91.0,6390.208791208791,3082.0,9919.0,8807.0,9383.0,91.0,417.0,1.0,1026.0,1026.0,1026.0,1026.0,1026.0,417.0,6195.558752997602,3098.0,16591.0,8335.0,9223.0,492.0,12484.80487804878,7036.0,27903.0,15087.0,16687.0,492.0,docker
73,docker_6379i,9529.0,104.942806170637,0.0,0.0,0.0,0.0,0.0,0.0,0.0,0.0,0.0,95.0,6139.9473684210525,3218.0,9655.0,7775.0,9479.0,95.0,410.0,1.0,1409.0,1409.0,1409.0,1409.0,1409.0,410.0,6248.453658536585,2758.0,23215.0,8479.0,9783.0,495.0,12570.440404040404,7240.0,28351.0,15775.0,17711.0,495.0,docker
74,docker_6379i,9118.0,109.67317394165387,0.0,0.0,0.0,0.0,0.0,0.0,0.0,0.0,0.0,94.0,5936.372340425532,3348.0,8975.0,7607.0,8175.0,94.0,421.0,1.0,1444.0,1444.0,1444.0,1444.0,1444.0,421.0,5983.8574821852735,3000.0,12687.0,8039.0,10039.0,485.0,12096.39175257732,6748.0,21263.0,15071.0,16295.0,485.0,docker
75,docker_6379i,9386.0,106.54165778819518,0.0,0.0,0.0,0.0,0.0,0.0,0.0,0.0,0.0,95.0,6255.031578947369,3226.0,10047.0,8031.0,9671.0,95.0,424.0,1.0,1277.0,1277.0,1277.0,1277.0,1277.0,424.0,6349.242924528302,3038.0,47071.0,8155.0,9111.0,481.0,12326.016632016632,7456.0,21295.0,15311.0,16655.0,481.0,docker
76,docker_6379i,9343.0,107.03200256876806,0.0,0.0,0.0,0.0,0.0,0.0,0.0,0.0,0.0,89.0,6203.191011235955,3634.0,10879.0,8319.0,9359.0,89.0,420.0,1.0,1264.0,1264.0,1264.0,1264.0,1264.0,420.0,6169.35,2596.0,21903.0,8127.0,9375.0,491.0,12292.195519348268,6828.0,16831.0,14855.0,15967.0,491.0,docker
77,docker_6379i,9332.0,107.15816545220746,0.0,0.0,0.0,0.0,0.0,0.0,0.0,0.0,0.0,89.0,6174.505617977528,3262.0,9887.0,8447.0,9343.0,89.0,446.0,1.0,1218.0,1218.0,1218.0,1218.0,1218.0,446.0,6286.051569506726,2926.0,34399.0,7999.0,9647.0,465.0,12491.496774193549,7260.0,21423.0,15551.0,16991.0,465.0,docker
78,docker_6379i,9155.0,109.22992900054615,0.0,0.0,0.0,0.0,0.0,0.0,0.0,0.0,0.0,88.0,5801.545454545455,3046.0,9567.0,7475.0,8895.0,88.0,395.0,1.0,1345.0,1345.0,1345.0,1345.0,1345.0,395.0,6015.797468354431,2414.0,14127.0,7911.0,9311.0,517.0,11836.646034816247,6084.0,23423.0,14311.0,15431.0,517.0,docker
79,docker_6379i,9170.0,109.05125408942203,0.0,0.0,0.0,0.0,0.0,0.0,0.0,0.0,0.0,84.0,6204.333333333333,3170.0,12823.0,8439.0,9191.0,84.0,436.0,1.0,1191.0,1191.0,1191.0,1191.0,1191.0,436.0,6074.6399082568805,2712.0,22495.0,8027.0,9559.0,480.0,12134.529166666667,7960.0,20495.0,14711.0,16343.0,480.0,docker
80,docker_6379i,9391.0,106.48493238206794,0.0,0.0,0.0,0.0,0.0,0.0,0.0,0.0,0.0,72.0,6318.805555555556,3602.0,9687.0,8223.0,9119.0,72.0,441.0,1.0,1353.0,1353.0,1353.0,1353.0,1353.0,441.0,6087.453514739229,3046.0,22351.0,8123.0,9359.0,487.0,12491.227926078029,6116.0,20143.0,15671.0,17711.0,487.0,docker
81,docker_6379i,9265.0,107.93308148947652,0.0,0.0,0.0,0.0,0.0,0.0,0.0,0.0,0.0,67.0,6410.835820895522,2724.0,23055.0,8599.0,10815.0,67.0,445.0,1.0,1245.0,1245.0,1245.0,1245.0,1245.0,445.0,6070.973033707865,3014.0,22303.0,8131.0,10007.0,488.0,12262.647540983606,5916.0,22063.0,15311.0,16495.0,488.0,docker
82,docker_6379i,9584.0,104.3405676126878,0.0,0.0,0.0,0.0,0.0,0.0,0.0,0.0,0.0,84.0,5905.702380952381,2852.0,8783.0,8319.0,8751.0,84.0,401.0,1.0,1157.0,1157.0,1157.0,1157.0,1157.0,401.0,6146.523690773068,2718.0,13231.0,8423.0,9679.0,515.0,12550.963106796116,6440.0,29439.0,16095.0,18223.0,515.0,docker
83,docker_6379i,9428.0,106.06703436571914,0.0,0.0,0.0,0.0,0.0,0.0,0.0,0.0,0.0,82.0,6439.048780487805,3388.0,9951.0,9007.0,9623.0,82.0,410.0,1.0,1143.0,1143.0,1143.0,1143.0,1143.0,410.0,6028.890243902439,2041.0,12663.0,7903.0,9599.0,508.0,12318.523622047243,6752.0,21935.0,15423.0,17071.0,508.0,docker
84,docker_6379i,9179.0,108.94432944765225,0.0,0.0,0.0,0.0,0.0,0.0,0.0,0.0,0.0,95.0,6044.178947368421,3120.0,10407.0,8071.0,9375.0,95.0,415.0,1.0,1106.0,1106.0,1106.0,1106.0,1106.0,415.0,6019.363855421687,2858.0,13583.0,7839.0,9903.0,490.0,12131.608163265306,5972.0,21615.0,15127.0,16447.0,490.0,docker
85,docker_6379i,11140.0,89.76660682226212,0.0,0.0,0.0,0.0,0.0,0.0,0.0,0.0,0.0,80.0,6279.1375,3214.0,28431.0,8087.0,9047.0,80.0,412.0,1.0,1148.0,1148.0,1148.0,1148.0,1148.0,412.0,6691.485436893204,2738.0,143359.0,8223.0,14263.0,508.0,15152.228346456694,6560.0,262399.0,15927.0,145535.0,508.0,docker
86,docker_6379i,9199.0,108.70746820306555,0.0,0.0,0.0,0.0,0.0,0.0,0.0,0.0,0.0,88.0,6190.090909090909,3176.0,9407.0,7679.0,8359.0,88.0,413.0,1.0,1235.0,1235.0,1235.0,1235.0,1235.0,413.0,6046.527845036319,2580.0,21391.0,8051.0,8983.0,499.0,12004.813627254509,6092.0,16607.0,14663.0,15775.0,499.0,docker
87,docker_6379i,9240.0,108.22510822510823,0.0,0.0,0.0,0.0,0.0,0.0,0.0,0.0,0.0,86.0,5988.639534883721,3088.0,9423.0,7543.0,8655.0,86.0,434.0,1.0,1361.0,1361.0,1361.0,1361.0,1361.0,434.0,6067.495391705069,2964.0,13127.0,8111.0,9935.0,480.0,12350.1125,7076.0,22783.0,15159.0,16911.0,480.0,docker
88,docker_6379i,9368.0,106.7463706233988,0.0,0.0,0.0,0.0,0.0,0.0,0.0,0.0,0.0,83.0,6135.710843373494,3074.0,11063.0,8559.0,9895.0,83.0,397.0,1.0,1274.0,1274.0,1274.0,1274.0,1274.0,397.0,5984.682619647355,3030.0,13551.0,7907.0,8847.0,520.0,12148.469230769231,5872.0,25199.0,14951.0,16447.0,520.0,docker
89,docker_6379i,9371.0,106.71219720414044,0.0,0.0,0.0,0.0,0.0,0.0,0.0,0.0,0.0,78.0,6103.782051282052,3176.0,8943.0,7715.0,8839.0,78.0,435.0,1.0,1286.0,1286.0,1286.0,1286.0,1286.0,435.0,6192.314942528736,2790.0,18463.0,8155.0,9927.0,487.0,12416.792607802874,7116.0,40255.0,15247.0,17407.0,487.0,docker
90,docker_6379i,9206.0,108.62480990658267,0.0,0.0,0.0,0.0,0.0,0.0,0.0,0.0,0.0,85.0,6162.552941176471,3910.0,8863.0,7995.0,8687.0,85.0,417.0,1.0,1257.0,1257.0,1257.0,1257.0,1257.0,417.0,6065.122302158274,2840.0,17135.0,7903.0,9447.0,498.0,12032.751004016065,5596.0,21135.0,14567.0,15831.0,498.0,docker
91,docker_6379i,9230.0,108.34236186348862,0.0,0.0,0.0,0.0,0.0,0.0,0.0,0.0,0.0,73.0,5930.123287671233,2976.0,8375.0,7699.0,7967.0,73.0,422.0,1.0,944.0,944.0,944.0,944.0,944.0,422.0,6096.905213270142,2732.0,16399.0,8479.0,9927.0,505.0,12020.60594059406,6532.0,26671.0,15119.0,17135.0,505.0,docker
92,docker_6379i,8997.0,111.14816049794376,0.0,0.0,0.0,0.0,0.0,0.0,0.0,0.0,0.0,91.0,5729.934065934066,2958.0,9239.0,7827.0,9023.0,91.0,400.0,1.0,1309.0,1309.0,1309.0,1309.0,1309.0,400.0,5829.1825,2750.0,21807.0,7775.0,9215.0,509.0,11761.595284872299,6228.0,18415.0,14303.0,15511.0,509.0,docker
93,docker_6379i,9575.0,104.43864229765013,0.0,0.0,0.0,0.0,0.0,0.0,0.0,0.0,0.0,81.0,6187.320987654321,3192.0,8655.0,7775.0,8647.0,81.0,391.0,1.0,1224.0,1224.0,1224.0,1224.0,1224.0,391.0,6120.703324808184,3150.0,12799.0,8391.0,9607.0,528.0,12377.386363636364,7156.0,20127.0,15303.0,16447.0,528.0,docker
94,docker_6379i,9236.0,108.27197921177999,0.0,0.0,0.0,0.0,0.0,0.0,0.0,0.0,0.0,79.0,5979.810126582279,3606.0,8639.0,7531.0,7947.0,79.0,423.0,1.0,1416.0,1416.0,1416.0,1416.0,1416.0,423.0,6053.58865248227,2628.0,22335.0,8487.0,10055.0,498.0,12152.0,5992.0,17487.0,14495.0,16447.0,498.0,docker
95,docker_6379i,9150.0,109.2896174863388,0.0,0.0,0.0,0.0,0.0,0.0,0.0,0.0,0.0,82.0,5958.548780487805,2720.0,10799.0,7747.0,8471.0,82.0,438.0,1.0,982.0,982.0,982.0,982.0,982.0,438.0,6143.942922374429,2460.0,28831.0,8035.0,10255.0,480.0,12132.170833333334,6480.0,17183.0,15151.0,16495.0,480.0,docker
96,docker_6379i,9159.0,109.18222513374823,0.0,0.0,0.0,0.0,0.0,0.0,0.0,0.0,0.0,93.0,6028.301075268817,3032.0,9871.0,7643.0,9255.0,93.0,392.0,1.0,1187.0,1187.0,1187.0,1187.0,1187.0,392.0,5954.818877551021,2442.0,10983.0,7875.0,9351.0,515.0,11850.76504854369,6864.0,20511.0,14679.0,15895.0,515.0,docker
97,docker_6379i,9058.0,110.3996467211305,0.0,0.0,0.0,0.0,0.0,0.0,0.0,0.0,0.0,65.0,6241.523076923077,3618.0,9071.0,8735.0,9071.0,65.0,442.0,1.0,1326.0,1326.0,1326.0,1326.0,1326.0,442.0,6003.588235294118,2938.0,18223.0,8111.0,9735.0,493.0,11884.105476673429,6688.0,18879.0,14975.0,16319.0,493.0,docker
98,docker_6379i,9239.0,108.23682216690118,0.0,0.0,0.0,0.0,0.0,0.0,0.0,0.0,0.0,79.0,6228.721518987341,3592.0,9287.0,7963.0,9039.0,79.0,446.0,1.0,1604.0,1604.0,1604.0,1604.0,1604.0,446.0,6154.262331838565,2986.0,14215.0,8063.0,8919.0,475.0,12294.193684210526,7008.0,22815.0,15223.0,16847.0,475.0,docker
99,docker_6379i,9384.0,106.56436487638534,0.0,0.0,0.0,0.0,0.0,0.0,0.0,0.0,0.0,88.0,5927.090909090909,3022.0,8687.0,7631.0,8303.0,88.0,415.0,1.0,1285.0,1285.0,1285.0,1285.0,1285.0,415.0,6148.807228915663,2570.0,12375.0,7955.0,9447.0,497.0,12387.22736418511,5908.0,22047.0,15455.0,16767.0,497.0,docker
100,docker_6379i,9301.0,107.51532093323299,0.0,0.0,0.0,0.0,0.0,0.0,0.0,0.0,0.0,68.0,6262.808823529412,3992.0,9007.0,8623.0,8935.0,68.0,438.0,1.0,1250.0,1250.0,1250.0,1250.0,1250.0,438.0,6081.219178082192,2892.0,21727.0,8015.0,9303.0,494.0,12269.016194331984,7196.0,19007.0,14839.0,16207.0,494.0,docker
101,docker_6379i,9460.0,105.70824524312897,0.0,0.0,0.0,0.0,0.0,0.0,0.0,0.0,0.0,81.0,6281.308641975309,3228.0,12543.0,8375.0,10311.0,81.0,391.0,1.0,1182.0,1182.0,1182.0,1182.0,1182.0,391.0,5962.580562659847,2854.0,11967.0,7731.0,9303.0,528.0,12258.102272727272,6812.0,21711.0,15119.0,16799.0,528.0,docker
102,docker_6379i,8705.0,114.87650775416428,0.0,0.0,0.0,0.0,0.0,0.0,0.0,0.0,0.0,96.0,5471.583333333333,2354.0,9247.0,7867.0,8687.0,96.0,383.0,1.0,1059.0,1059.0,1059.0,1059.0,1059.0,383.0,5687.584856396867,1953.0,13431.0,7791.0,9079.0,521.0,11239.654510556622,4404.0,18399.0,14807.0,16639.0,521.0,docker
103,docker_6379i,9307.0,107.44600838078865,0.0,0.0,0.0,0.0,0.0,0.0,0.0,0.0,0.0,80.0,6041.2125,3392.0,9951.0,7891.0,9215.0,80.0,415.0,1.0,1393.0,1393.0,1393.0,1393.0,1393.0,415.0,6097.607228915663,3048.0,16591.0,8271.0,9479.0,505.0,12134.158415841584,6800.0,22287.0,14991.0,16815.0,505.0,docker
104,docker_6379i,9306.0,107.4575542660649,0.0,0.0,0.0,0.0,0.0,0.0,0.0,0.0,0.0,89.0,5894.303370786517,3230.0,8911.0,7739.0,8639.0,89.0,418.0,1.0,1100.0,1100.0,1100.0,1100.0,1100.0,418.0,6150.43062200957,2212.0,21231.0,8183.0,9711.0,493.0,12286.37322515213,7024.0,19039.0,14983.0,16591.0,493.0,docker
105,docker_6379i,9539.0,104.8327916972429,0.0,0.0,0.0,0.0,0.0,0.0,0.0,0.0,0.0,87.0,6240.689655172414,3070.0,10127.0,8335.0,9303.0,87.0,394.0,1.0,1445.0,1445.0,1445.0,1445.0,1445.0,394.0,6067.017766497462,3002.0,13807.0,8119.0,9151.0,519.0,12389.398843930636,6184.0,22639.0,15431.0,17375.0,519.0,docker
106,docker_6379i,9324.0,107.25010725010725,0.0,0.0,0.0,0.0,0.0,0.0,0.0,0.0,0.0,76.0,6177.684210526316,3064.0,9319.0,8279.0,9183.0,76.0,411.0,1.0,1178.0,1178.0,1178.0,1178.0,1178.0,411.0,6022.8491484184915,2594.0,21791.0,7863.0,8831.0,513.0,12123.715399610137,7104.0,17695.0,15039.0,15927.0,513.0,docker
107,docker_6379i,9556.0,104.64629552113855,0.0,0.0,0.0,0.0,0.0,0.0,0.0,0.0,0.0,76.0,6346.210526315789,3106.0,9543.0,7879.0,8447.0,76.0,435.0,1.0,1334.0,1334.0,1334.0,1334.0,1334.0,435.0,6277.2,2854.0,23391.0,8543.0,10039.0,489.0,12654.728016359919,7744.0,32047.0,16103.0,17999.0,489.0,docker
108,docker_6379i,9131.0,109.51702989814916,0.0,0.0,0.0,0.0,0.0,0.0,0.0,0.0,0.0,90.0,6149.5888888888885,3124.0,10079.0,7831.0,8463.0,90.0,396.0,1.0,1241.0,1241.0,1241.0,1241.0,1241.0,396.0,5849.656565656565,2858.0,10463.0,8011.0,9183.0,514.0,11901.821011673152,6940.0,22559.0,14703.0,16303.0,514.0,docker
109,docker_6379i,11240.0,88.96797153024912,0.0,0.0,0.0,0.0,0.0,0.0,0.0,0.0,0.0,89.0,7400.404494382023,3050.0,121279.0,8351.0,9743.0,89.0,406.0,1.0,971.0,971.0,971.0,971.0,971.0,406.0,6190.741379310345,2830.0,27327.0,8215.0,9783.0,505.0,15645.231683168317,7696.0,260095.0,15911.0,146687.0,505.0,docker
110,docker_6379i,9235.0,108.28370330265295,0.0,0.0,0.0,0.0,0.0,0.0,0.0,0.0,0.0,77.0,6074.25974025974,3378.0,9135.0,7839.0,8567.0,77.0,410.0,1.0,1322.0,1322.0,1322.0,1322.0,1322.0,410.0,5888.9292682926825,3046.0,11423.0,7851.0,9359.0,513.0,12082.280701754386,6616.0,22319.0,15247.0,16375.0,513.0,docker
111,docker_6379i,9344.0,107.02054794520548,0.0,0.0,0.0,0.0,0.0,0.0,0.0,0.0,0.0,76.0,5921.578947368421,2552.0,8147.0,7751.0,8111.0,76.0,408.0,1.0,959.0,959.0,959.0,959.0,959.0,408.0,6011.1642156862745,2454.0,16815.0,8111.0,9919.0,516.0,12178.755813953489,5704.0,22559.0,15359.0,16735.0,516.0,docker
112,docker_6379i,9293.0,107.60787689658883,0.0,0.0,0.0,0.0,0.0,0.0,0.0,0.0,0.0,75.0,6109.053333333333,4018.0,9591.0,8011.0,8895.0,75.0,441.0,1.0,1320.0,1320.0,1320.0,1320.0,1320.0,441.0,6136.97052154195,3226.0,23071.0,8263.0,9815.0,484.0,12334.053719008265,7264.0,17135.0,15447.0,16703.0,484.0,docker
113,docker_6379i,9496.0,105.30749789385004,0.0,0.0,0.0,0.0,0.0,0.0,0.0,0.0,0.0,94.0,6499.372340425532,3012.0,9671.0,8767.0,9535.0,94.0,376.0,1.0,1216.0,1216.0,1216.0,1216.0,1216.0,376.0,5992.010638297872,2780.0,11471.0,7643.0,8599.0,530.0,12223.649056603774,6024.0,22671.0,15239.0,16847.0,530.0,docker
114,docker_6379i,8872.0,112.7141568981064,0.0,0.0,0.0,0.0,0.0,0.0,0.0,0.0,0.0,90.0,5676.922222222222,1949.0,9879.0,7919.0,9687.0,90.0,402.0,1.0,1035.0,1035.0,1035.0,1035.0,1035.0,402.0,5788.174129353234,1891.0,14679.0,7699.0,8871.0,508.0,11589.77559055118,4280.0,22591.0,15239.0,16319.0,508.0,docker
115,docker_6379i,9407.0,106.30381630700542,0.0,0.0,0.0,0.0,0.0,0.0,0.0,0.0,0.0,83.0,6291.55421686747,3974.0,9551.0,8079.0,9111.0,83.0,421.0,1.0,1504.0,1504.0,1504.0,1504.0,1504.0,421.0,6252.173396674584,2854.0,22127.0,8759.0,9975.0,496.0,12286.612903225807,7280.0,17503.0,15143.0,16047.0,496.0,docker
116,docker_6379i,9424.0,106.11205432937182,0.0,0.0,0.0,0.0,0.0,0.0,0.0,0.0,0.0,82.0,6143.280487804878,3838.0,8959.0,7559.0,8799.0,82.0,403.0,1.0,1679.0,1679.0,1679.0,1679.0,1679.0,403.0,6104.042183622829,2592.0,19615.0,7863.0,8983.0,515.0,12237.646601941748,6592.0,16319.0,15191.0,15903.0,515.0,docker
117,docker_6379i,9165.0,109.11074740861974,0.0,0.0,0.0,0.0,0.0,0.0,0.0,0.0,0.0,77.0,6288.2467532467535,3150.0,11519.0,8647.0,9247.0,77.0,417.0,1.0,1291.0,1291.0,1291.0,1291.0,1291.0,417.0,5937.779376498801,2770.0,11903.0,7847.0,9727.0,506.0,12001.711462450592,6332.0,20175.0,14919.0,16151.0,506.0,docker
118,docker_6379i,9350.0,106.95187165775401,0.0,0.0,0.0,0.0,0.0,0.0,0.0,0.0,0.0,80.0,6133.875,3160.0,8999.0,8455.0,8991.0,80.0,416.0,1.0,998.0,998.0,998.0,998.0,998.0,416.0,6062.192307692308,2254.0,24335.0,7935.0,9695.0,504.0,12269.75,7044.0,20079.0,15279.0,16879.0,504.0,docker
119,docker_6379i,8962.0,111.5822361080116,0.0,0.0,0.0,0.0,0.0,0.0,0.0,0.0,0.0,67.0,5913.417910447762,3786.0,9367.0,7967.0,8783.0,67.0,445.0,1.0,1437.0,1437.0,1437.0,1437.0,1437.0,445.0,5845.741573033708,2436.0,13951.0,7671.0,9239.0,488.0,11919.581967213115,7124.0,22335.0,14607.0,16047.0,488.0,docker
120,docker_6379i,9293.0,107.60787689658883,0.0,0.0,0.0,0.0,0.0,0.0,0.0,0.0,0.0,71.0,5914.69014084507,2328.0,8623.0,7431.0,7971.0,71.0,426.0,1.0,1130.0,1130.0,1130.0,1130.0,1130.0,426.0,6115.713615023475,2860.0,24143.0,7883.0,9591.0,503.0,12129.176938369781,6112.0,17471.0,15039.0,16319.0,503.0,docker
121,docker_6379i,9355.0,106.89470871191877,0.0,0.0,0.0,0.0,0.0,0.0,0.0,0.0,0.0,85.0,6043.964705882353,2898.0,9823.0,7671.0,7923.0,85.0,419.0,1.0,1228.0,1228.0,1228.0,1228.0,1228.0,419.0,6122.8138424821,2760.0,13871.0,8059.0,9639.0,496.0,12345.443548387097,7252.0,23007.0,15143.0,16671.0,496.0,docker
122,docker_6379i,9297.0,107.56157900397977,0.0,0.0,0.0,0.0,0.0,0.0,0.0,0.0,0.0,82.0,5843.548780487805,3060.0,8279.0,7583.0,7943.0,82.0,393.0,1.0,1085.0,1085.0,1085.0,1085.0,1085.0,393.0,5950.608142493638,2764.0,12159.0,7799.0,9231.0,525.0,12035.660952380953,6580.0,21727.0,14975.0,16247.0,525.0,docker
123,docker_6379i,9236.0,108.27197921177999,0.0,0.0,0.0,0.0,0.0,0.0,0.0,0.0,0.0,78.0,6210.961538461538,3152.0,9167.0,8007.0,8775.0,78.0,419.0,1.0,1559.0,1559.0,1559.0,1559.0,1559.0,419.0,6023.749403341289,2968.0,30367.0,7783.0,9319.0,503.0,12041.161033797216,7296.0,16751.0,14623.0,16071.0,503.0,docker
124,docker_6379i,9150.0,109.2896174863388,0.0,0.0,0.0,0.0,0.0,0.0,0.0,0.0,0.0,89.0,5913.438202247191,3062.0,8959.0,7847.0,8735.0,89.0,397.0,1.0,947.0,947.0,947.0,947.0,947.0,397.0,5873.267002518892,2668.0,14463.0,7911.0,9767.0,514.0,11947.08560311284,6664.0,22895.0,15135.0,16703.0,514.0,docker
125,docker_6379i,9776.0,102.29132569558101,0.0,0.0,0.0,0.0,0.0,0.0,0.0,0.0,0.0,90.0,6501.188888888889,4008.0,9911.0,8831.0,9159.0,90.0,382.0,1.0,1103.0,1103.0,1103.0,1103.0,1103.0,382.0,6244.801047120419,3536.0,11999.0,8567.0,9383.0,528.0,12594.5,7132.0,23327.0,15695.0,17135.0,528.0,docker
126,docker_6379i,9541.0,104.81081647626036,0.0,0.0,0.0,0.0,0.0,0.0,0.0,0.0,0.0,90.0,6171.611111111111,2656.0,9047.0,8171.0,8719.0,90.0,409.0,1.0,1376.0,1376.0,1376.0,1376.0,1376.0,409.0,6294.9902200489,3966.0,23711.0,8479.0,9487.0,501.0,12482.439121756486,7224.0,18799.0,15111.0,16527.0,501.0,docker
127,docker_6379i,9588.0,104.29703796412181,0.0,0.0,0.0,0.0,0.0,0.0,0.0,0.0,0.0,85.0,6340.247058823529,3480.0,9287.0,8487.0,9183.0,85.0,399.0,1.0,1551.0,1551.0,1551.0,1551.0,1551.0,399.0,6199.568922305764,3030.0,13655.0,8535.0,9527.0,516.0,12435.736434108527,7976.0,23647.0,15463.0,16671.0,516.0,docker
128,docker_6379i,9263.0,107.95638562020943,0.0,0.0,0.0,0.0,0.0,0.0,0.0,0.0,0.0,97.0,6010.7525773195875,2872.0,10151.0,7179.0,8279.0,97.0,408.0,1.0,1107.0,1107.0,1107.0,1107.0,1107.0,408.0,6061.205882352941,2964.0,21183.0,8099.0,9087.0,495.0,12211.660606060606,7736.0,18351.0,14687.0,16479.0,495.0,docker
129,docker_6379i,9759.0,102.46951531919254,0.0,0.0,0.0,0.0,0.0,0.0,0.0,0.0,0.0,88.0,6326.602272727273,3144.0,9247.0,8519.0,8959.0,88.0,356.0,1.0,1299.0,1299.0,1299.0,1299.0,1299.0,356.0,6127.328651685393,2950.0,14527.0,7871.0,8887.0,556.0,12358.762589928057,6740.0,23583.0,15047.0,16639.0,556.0,docker
130,docker_6379i,9366.0,106.76916506512919,0.0,0.0,0.0,0.0,0.0,0.0,0.0,0.0,0.0,95.0,6019.073684210526,3148.0,8407.0,7835.0,8179.0,95.0,400.0,1.0,1225.0,1225.0,1225.0,1225.0,1225.0,400.0,6160.34,2806.0,15471.0,8111.0,9823.0,505.0,12235.180198019802,6220.0,23503.0,15215.0,16247.0,505.0,docker
131,docker_6379i,9376.0,106.65529010238907,0.0,0.0,0.0,0.0,0.0,0.0,0.0,0.0,0.0,77.0,6219.974025974026,3084.0,9743.0,8067.0,9007.0,77.0,436.0,1.0,1318.0,1318.0,1318.0,1318.0,1318.0,436.0,6164.630733944954,2990.0,25903.0,8199.0,9375.0,487.0,12416.52977412731,6564.0,33215.0,15287.0,17583.0,487.0,docker
132,docker_6379i,9358.0,106.86044026501389,0.0,0.0,0.0,0.0,0.0,0.0,0.0,0.0,0.0,83.0,6086.301204819277,3060.0,9751.0,8263.0,9303.0,83.0,426.0,1.0,1493.0,1493.0,1493.0,1493.0,1493.0,426.0,6129.615023474178,2580.0,15327.0,8207.0,9607.0,491.0,12408.87983706721,6652.0,27855.0,15351.0,17503.0,491.0,docker
133,docker_6379i,9316.0,107.34220695577501,0.0,0.0,0.0,0.0,0.0,0.0,0.0,0.0,0.0,72.0,6085.236111111111,3756.0,9511.0,7727.0,8319.0,72.0,415.0,1.0,1125.0,1125.0,1125.0,1125.0,1125.0,415.0,6025.592771084337,2680.0,12199.0,8107.0,9951.0,513.0,12136.191033138402,5656.0,21631.0,14999.0,16799.0,513.0,docker
134,docker_6379i,9289.0,107.65421466250403,0.0,0.0,0.0,0.0,0.0,0.0,0.0,0.0,0.0,98.0,6232.765306122449,3664.0,8527.0,7783.0,8207.0,98.0,431.0,1.0,1431.0,1431.0,1431.0,1431.0,1431.0,431.0,6167.805104408352,3048.0,33631.0,8495.0,9999.0,471.0,12439.481953290871,6636.0,23935.0,15527.0,16655.0,471.0,docker
135,docker_6379i,9092.0,109.98680158380995,0.0,0.0,0.0,0.0,0.0,0.0,0.0,0.0,0.0,85.0,5885.952941176471,2948.0,9375.0,8083.0,8591.0,85.0,405.0,1.0,1760.0,1760.0,1760.0,1760.0,1760.0,405.0,5828.604938271605,3130.0,13231.0,7843.0,8775.0,510.0,11901.105882352942,6536.0,30879.0,14583.0,15975.0,510.0,docker
136,docker_6379i,10270.0,97.37098344693281,0.0,0.0,0.0,0.0,0.0,0.0,0.0,0.0,0.0,83.0,5183.21686746988,2372.0,14455.0,7887.0,13599.0,83.0,402.0,1.0,1080.0,1080.0,1080.0,1080.0,1080.0,402.0,7546.559701492537,2160.0,233983.0,7835.0,125951.0,515.0,12893.922330097088,4736.0,151295.0,14695.0,144767.0,515.0,docker
137,docker_6379i,8551.0,116.9453865045024,0.0,0.0,0.0,0.0,0.0,0.0,0.0,0.0,0.0,82.0,4935.658536585366,1975.0,9175.0,7443.0,8063.0,82.0,399.0,1.0,947.0,947.0,947.0,947.0,947.0,399.0,5474.8446115288225,2180.0,20383.0,7695.0,8919.0,519.0,11210.662813102119,5372.0,16815.0,14543.0,16071.0,519.0,docker
138,docker_6379i,9489.0,105.38518284329223,0.0,0.0,0.0,0.0,0.0,0.0,0.0,0.0,0.0,74.0,6235.121621621622,3246.0,9119.0,7807.0,8431.0,74.0,423.0,1.0,1355.0,1355.0,1355.0,1355.0,1355.0,423.0,6154.609929078014,2538.0,15159.0,8351.0,9527.0,503.0,12482.03578528827,6900.0,22671.0,15391.0,16703.0,503.0,docker
139,docker_6379i,9456.0,105.75296108291032,0.0,0.0,0.0,0.0,0.0,0.0,0.0,0.0,0.0,90.0,6046.522222222222,3428.0,8383.0,7715.0,8119.0,90.0,399.0,1.0,1225.0,1225.0,1225.0,1225.0,1225.0,399.0,6109.235588972431,2892.0,25055.0,7787.0,8927.0,511.0,12332.53228962818,6504.0,20463.0,14943.0,16143.0,511.0,docker
140,docker_6379i,9334.0,107.13520462824084,0.0,0.0,0.0,0.0,0.0,0.0,0.0,0.0,0.0,88.0,6088.761363636364,2982.0,10223.0,8015.0,9935.0,88.0,378.0,1.0,928.0,928.0,928.0,928.0,928.0,378.0,5916.973544973545,2498.0,22239.0,7899.0,8975.0,534.0,12004.370786516854,6336.0,20655.0,15151.0,17183.0,534.0,docker
141,docker_6379i,9536.0,104.86577181208054,0.0,0.0,0.0,0.0,0.0,0.0,0.0,0.0,0.0,76.0,6226.105263157895,3246.0,9135.0,8359.0,8871.0,76.0,439.0,1.0,1264.0,1264.0,1264.0,1264.0,1264.0,439.0,6310.546697038724,2890.0,17167.0,8383.0,10175.0,485.0,12649.934020618557,6684.0,32335.0,16095.0,18303.0,485.0,docker
142,docker_6379i,8963.0,111.56978690170702,0.0,0.0,0.0,0.0,0.0,0.0,0.0,0.0,0.0,97.0,5897.350515463918,2948.0,8463.0,7215.0,8135.0,97.0,415.0,1.0,1334.0,1334.0,1334.0,1334.0,1334.0,415.0,5879.322891566265,2904.0,16975.0,7831.0,8951.0,488.0,11844.504098360656,7040.0,23407.0,14303.0,16183.0,488.0,docker
143,docker_6379i,9254.0,108.06137886319429,0.0,0.0,0.0,0.0,0.0,0.0,0.0,0.0,0.0,81.0,6141.074074074074,3126.0,9191.0,8535.0,9183.0,81.0,438.0,1.0,1168.0,1168.0,1168.0,1168.0,1168.0,438.0,6116.3949771689495,2930.0,19087.0,8083.0,9663.0,481.0,12306.948024948026,7284.0,17359.0,15343.0,16303.0,481.0,docker
144,docker_6379i,9547.0,104.74494605635279,0.0,0.0,0.0,0.0,0.0,0.0,0.0,0.0,0.0,89.0,6378.202247191011,3084.0,9407.0,8567.0,9039.0,89.0,414.0,1.0,1309.0,1309.0,1309.0,1309.0,1309.0,414.0,6204.555555555556,2706.0,20031.0,8351.0,9231.0,497.0,12588.24949698189,7252.0,32575.0,16079.0,17311.0,497.0,docker
145,docker_6379i,8969.0,111.4951499609767,0.0,0.0,0.0,0.0,0.0,0.0,0.0,0.0,0.0,81.0,5850.925925925926,2612.0,9847.0,7811.0,8663.0,81.0,413.0,1.0,1295.0,1295.0,1295.0,1295.0,1295.0,413.0,5758.665859564165,2344.0,15247.0,7723.0,8895.0,506.0,11815.525691699604,6868.0,20783.0,14911.0,17567.0,506.0,docker
146,docker_6379i,9273.0,107.83996549121105,0.0,0.0,0.0,0.0,0.0,0.0,0.0,0.0,0.0,85.0,5899.729411764706,2740.0,7975.0,7511.0,7599.0,85.0,423.0,1.0,1397.0,1397.0,1397.0,1397.0,1397.0,423.0,6054.278959810875,3004.0,24591.0,7859.0,8871.0,492.0,12306.443089430893,6808.0,58047.0,14967.0,16527.0,492.0,docker
147,docker_6379i,9343.0,107.03200256876806,0.0,0.0,0.0,0.0,0.0,0.0,0.0,0.0,0.0,71.0,5904.366197183099,3186.0,7883.0,7051.0,7655.0,71.0,421.0,1.0,1378.0,1378.0,1378.0,1378.0,1378.0,421.0,6100.330166270784,3128.0,32335.0,8215.0,9479.0,508.0,12177.811023622047,6916.0,16655.0,14999.0,16087.0,508.0,docker
148,docker_6379i,9285.0,107.70059235325795,0.0,0.0,0.0,0.0,0.0,0.0,0.0,0.0,0.0,83.0,5771.433734939759,3318.0,9615.0,7311.0,7883.0,83.0,398.0,1.0,1352.0,1352.0,1352.0,1352.0,1352.0,398.0,5971.278894472362,2244.0,31439.0,8067.0,9983.0,519.0,12025.371868978806,6404.0,16735.0,14911.0,16087.0,519.0,docker
149,docker_6379i,9292.0,107.6194575979337,0.0,0.0,0.0,0.0,0.0,0.0,0.0,0.0,0.0,78.0,5828.666666666667,2630.0,9151.0,7051.0,7735.0,78.0,419.0,1.0,1300.0,1300.0,1300.0,1300.0,1300.0,419.0,6087.441527446301,3166.0,13543.0,7783.0,9383.0,503.0,12159.049701789265,6380.0,26735.0,14919.0,16719.0,503.0,docker
150,docker_6379i,9329.0,107.19262514738986,0.0,0.0,0.0,0.0,0.0,0.0,0.0,0.0,0.0,66.0,5732.227272727273,3114.0,9135.0,8111.0,8639.0,66.0,410.0,1.0,1193.0,1193.0,1193.0,1193.0,1193.0,410.0,6016.592682926829,2824.0,13687.0,8191.0,9063.0,524.0,12056.08396946565,6304.0,36543.0,15071.0,16495.0,524.0,docker
151,docker_6379i,9311.0,107.3998496402105,0.0,0.0,0.0,0.0,0.0,0.0,0.0,0.0,0.0,85.0,6106.282352941176,3176.0,8679.0,7879.0,8599.0,85.0,424.0,1.0,1210.0,1210.0,1210.0,1210.0,1210.0,424.0,6095.7169811320755,2078.0,19135.0,8023.0,9751.0,491.0,12323.547861507128,6280.0,18975.0,15167.0,16543.0,491.0,docker
152,docker_6379i,9093.0,109.97470581766194,0.0,0.0,0.0,0.0,0.0,0.0,0.0,0.0,0.0,84.0,6244.964285714285,2854.0,10223.0,7919.0,10103.0,84.0,446.0,1.0,1199.0,1199.0,1199.0,1199.0,1199.0,446.0,6025.517937219731,3376.0,21903.0,7799.0,9119.0,470.0,12180.44255319149,7160.0,17727.0,14951.0,16399.0,470.0,docker
153,docker_6379i,9345.0,107.00909577314071,0.0,0.0,0.0,0.0,0.0,0.0,0.0,0.0,0.0,83.0,6206.638554216867,3280.0,13927.0,7851.0,9119.0,83.0,425.0,1.0,1240.0,1240.0,1240.0,1240.0,1240.0,425.0,6140.578823529412,2748.0,15079.0,8519.0,10287.0,492.0,12346.666666666666,7120.0,21343.0,15559.0,17919.0,492.0,docker
154,docker_6379i,9192.0,108.79025239338556,0.0,0.0,0.0,0.0,0.0,0.0,0.0,0.0,0.0,72.0,6044.944444444444,3582.0,9239.0,7871.0,9039.0,72.0,407.0,1.0,1308.0,1308.0,1308.0,1308.0,1308.0,407.0,5891.029484029484,2768.0,26447.0,8043.0,9055.0,521.0,11880.656429942419,6580.0,20911.0,14647.0,16175.0,521.0,docker
155,docker_6379i,9730.0,102.77492291880782,0.0,0.0,0.0,0.0,0.0,0.0,0.0,0.0,0.0,82.0,6194.195121951219,3748.0,10471.0,8839.0,10167.0,82.0,376.0,1.0,1302.0,1302.0,1302.0,1302.0,1302.0,376.0,6260.712765957447,2648.0,24463.0,8607.0,9911.0,542.0,12367.675276752767,6360.0,18143.0,15567.0,16879.0,542.0,docker
156,docker_6379i,9336.0,107.11225364181662,0.0,0.0,0.0,0.0,0.0,0.0,0.0,0.0,0.0,64.0,6274.296875,3052.0,11399.0,8071.0,8255.0,64.0,431.0,1.0,1030.0,1030.0,1030.0,1030.0,1030.0,431.0,6111.2482598607885,2626.0,26271.0,8003.0,10111.0,505.0,12158.89504950495,5920.0,27679.0,15111.0,16303.0,505.0,docker
157,docker_6379i,9309.0,107.4229240519927,0.0,0.0,0.0,0.0,0.0,0.0,0.0,0.0,0.0,94.0,6289.04255319149,2682.0,9599.0,8111.0,9263.0,94.0,429.0,1.0,1245.0,1245.0,1245.0,1245.0,1245.0,429.0,6162.710955710956,2974.0,15023.0,7895.0,9063.0,477.0,12338.507337526205,7660.0,20031.0,14967.0,16279.0,477.0,docker
158,docker_6379i,9246.0,108.1548777849881,0.0,0.0,0.0,0.0,0.0,0.0,0.0,0.0,0.0,84.0,6115.059523809524,4008.0,10231.0,7811.0,8695.0,84.0,408.0,1.0,1391.0,1391.0,1391.0,1391.0,1391.0,408.0,5993.213235294118,2478.0,24527.0,7723.0,8735.0,508.0,12081.748031496063,7860.0,17135.0,14807.0,15951.0,508.0,docker
159,docker_6379i,9609.0,104.06910188365075,0.0,0.0,0.0,0.0,0.0,0.0,0.0,0.0,0.0,92.0,6084.771739130435,3122.0,9711.0,7467.0,8199.0,92.0,391.0,1.0,1117.0,1117.0,1117.0,1117.0,1117.0,391.0,6198.401534526854,2980.0,28655.0,8067.0,9527.0,517.0,12482.823984526112,7272.0,20975.0,15199.0,16183.0,517.0,docker
160,docker_6379i,9258.0,108.01468999783971,0.0,0.0,0.0,0.0,0.0,0.0,0.0,0.0,0.0,79.0,6067.202531645569,2924.0,10991.0,7947.0,10199.0,79.0,426.0,1.0,1256.0,1256.0,1256.0,1256.0,1256.0,426.0,6036.345070422535,2392.0,21839.0,7907.0,9391.0,495.0,12246.828282828283,5380.0,17183.0,14799.0,16039.0,495.0,docker
161,docker_6379i,9747.0,102.59567046270648,0.0,0.0,0.0,0.0,0.0,0.0,0.0,0.0,0.0,92.0,6316.228260869565,3286.0,17423.0,8391.0,9063.0,92.0,392.0,1.0,1131.0,1131.0,1131.0,1131.0,1131.0,392.0,6240.97193877551,2818.0,23135.0,8479.0,10943.0,516.0,12699.616279069767,6200.0,18655.0,16031.0,17023.0,516.0,docker
162,docker_6379i,9337.0,107.1007818357074,0.0,0.0,0.0,0.0,0.0,0.0,0.0,0.0,0.0,86.0,6394.604651162791,3966.0,10975.0,8767.0,10967.0,86.0,414.0,1.0,1018.0,1018.0,1018.0,1018.0,1018.0,414.0,6070.599033816425,3006.0,35903.0,7963.0,9663.0,500.0,12201.064,6936.0,18975.0,15135.0,16623.0,500.0,docker
163,docker_6379i,8984.0,111.30899376669635,0.0,0.0,0.0,0.0,0.0,0.0,0.0,0.0,0.0,101.0,5900.910891089109,3046.0,9135.0,7759.0,8775.0,101.0,422.0,1.0,1239.0,1239.0,1239.0,1239.0,1239.0,422.0,5941.10663507109,2688.0,12111.0,7855.0,9255.0,477.0,11988.138364779874,7328.0,25455.0,14655.0,16095.0,477.0,docker
164,docker_6379i,9273.0,107.83996549121105,0.0,0.0,0.0,0.0,0.0,0.0,0.0,0.0,0.0,78.0,6338.717948717948,3118.0,9439.0,8271.0,9127.0,78.0,397.0,1.0,1315.0,1315.0,1315.0,1315.0,1315.0,397.0,5823.133501259445,2452.0,17215.0,7751.0,9631.0,525.0,12008.72380952381,6640.0,24991.0,14615.0,15871.0,525.0,docker
165,docker_6379i,9483.0,105.45186122535063,0.0,0.0,0.0,0.0,0.0,0.0,0.0,0.0,0.0,85.0,6221.447058823529,2978.0,9231.0,8011.0,8975.0,85.0,416.0,1.0,1270.0,1270.0,1270.0,1270.0,1270.0,416.0,6224.504807692308,2796.0,22623.0,8263.0,9959.0,499.0,12459.991983967935,7060.0,19551.0,15335.0,16735.0,499.0,docker
166,docker_6379i,9218.0,108.48340203948796,0.0,0.0,0.0,0.0,0.0,0.0,0.0,0.0,0.0,90.0,6036.1,2904.0,11695.0,7959.0,9271.0,90.0,396.0,1.0,1396.0,1396.0,1396.0,1396.0,1396.0,396.0,5934.229797979798,3248.0,14967.0,7759.0,8887.0,514.0,12004.186770428016,5948.0,23583.0,14663.0,16399.0,514.0,docker
167,docker_6379i,9408.0,106.29251700680273,0.0,0.0,0.0,0.0,0.0,0.0,0.0,0.0,0.0,82.0,6248.036585365854,3202.0,10151.0,8079.0,9951.0,82.0,430.0,1.0,1208.0,1208.0,1208.0,1208.0,1208.0,430.0,6193.211627906977,3154.0,24655.0,8111.0,9495.0,488.0,12449.217213114754,7032.0,21471.0,15383.0,16543.0,488.0,docker
168,docker_6379i,8902.0,112.33430689732644,0.0,0.0,0.0,0.0,0.0,0.0,0.0,0.0,0.0,91.0,5803.747252747253,3112.0,9151.0,7751.0,8295.0,91.0,428.0,1.0,983.0,983.0,983.0,983.0,983.0,428.0,5890.988317757009,2040.0,15951.0,8031.0,9335.0,481.0,11817.904365904365,6280.0,20767.0,14959.0,16287.0,481.0,docker
169,docker_6379i,9371.0,106.71219720414044,0.0,0.0,0.0,0.0,0.0,0.0,0.0,0.0,0.0,88.0,6071.363636363636,3734.0,9575.0,7579.0,8083.0,88.0,382.0,1.0,1243.0,1243.0,1243.0,1243.0,1243.0,382.0,5948.494764397906,2806.0,12151.0,7931.0,8927.0,530.0,12090.294339622642,5316.0,26303.0,14879.0,16783.0,530.0,docker
170,docker_6379i,9163.0,109.13456291607552,0.0,0.0,0.0,0.0,0.0,0.0,0.0,0.0,0.0,95.0,6074.126315789474,2996.0,8075.0,7683.0,7991.0,95.0,443.0,1.0,1109.0,1109.0,1109.0,1109.0,1109.0,443.0,6163.234762979684,2798.0,26319.0,8231.0,9391.0,462.0,12338.285714285714,6532.0,18383.0,15479.0,16607.0,462.0,docker
171,docker_6379i,9184.0,108.88501742160278,0.0,0.0,0.0,0.0,0.0,0.0,0.0,0.0,0.0,94.0,6091.18085106383,3162.0,9863.0,7743.0,8591.0,94.0,428.0,1.0,1606.0,1606.0,1606.0,1606.0,1606.0,428.0,6097.362149532711,2950.0,23423.0,7959.0,9399.0,478.0,12228.912133891214,6428.0,19135.0,15303.0,16375.0,478.0,docker
172,docker_6379i,8877.0,112.65067027148811,0.0,0.0,0.0,0.0,0.0,0.0,0.0,0.0,0.0,94.0,6113.723404255319,4180.0,12007.0,8035.0,8655.0,94.0,423.0,1.0,1198.0,1198.0,1198.0,1198.0,1198.0,423.0,5863.661938534279,2932.0,22799.0,7607.0,8751.0,483.0,11723.291925465839,6784.0,17215.0,14471.0,15935.0,483.0,docker
173,docker_6379i,9301.0,107.51532093323299,0.0,0.0,0.0,0.0,0.0,0.0,0.0,0.0,0.0,78.0,6087.307692307692,3290.0,9311.0,7903.0,9287.0,78.0,438.0,1.0,1376.0,1376.0,1376.0,1376.0,1376.0,438.0,6017.37899543379,2778.0,13815.0,7907.0,8911.0,484.0,12465.247933884297,6420.0,23247.0,15703.0,17823.0,484.0,docker
174,docker_6379i,9053.0,110.46062078868883,0.0,0.0,0.0,0.0,0.0,0.0,0.0,0.0,0.0,78.0,5830.5641025641025,3770.0,10063.0,7479.0,9119.0,78.0,423.0,1.0,1146.0,1146.0,1146.0,1146.0,1146.0,423.0,5885.290780141844,2920.0,12239.0,7995.0,9847.0,499.0,11945.182364729459,6072.0,21119.0,14903.0,16039.0,499.0,docker
175,docker_6379i,9136.0,109.45709281961472,0.0,0.0,0.0,0.0,0.0,0.0,0.0,0.0,0.0,84.0,6330.761904761905,3632.0,10175.0,8999.0,9895.0,84.0,436.0,1.0,1246.0,1246.0,1246.0,1246.0,1246.0,436.0,5961.043577981652,2822.0,13919.0,7883.0,9055.0,480.0,12155.708333333334,6964.0,34559.0,15343.0,16655.0,480.0,docker
176,docker_6379i,9345.0,107.00909577314071,0.0,0.0,0.0,0.0,0.0,0.0,0.0,0.0,0.0,90.0,6224.988888888889,3192.0,9751.0,8215.0,9599.0,90.0,420.0,1.0,1628.0,1628.0,1628.0,1628.0,1628.0,420.0,6086.757142857143,3102.0,13663.0,8075.0,9535.0,490.0,12411.465306122449,7220.0,21071.0,15447.0,16527.0,490.0,docker
177,docker_6379i,9366.0,106.76916506512919,0.0,0.0,0.0,0.0,0.0,0.0,0.0,0.0,0.0,85.0,5948.482352941176,3320.0,8471.0,7791.0,8463.0,85.0,422.0,1.0,1186.0,1186.0,1186.0,1186.0,1186.0,422.0,6170.772511848341,3178.0,23647.0,8159.0,8967.0,493.0,12367.565922920892,6984.0,22623.0,15063.0,16431.0,493.0,docker
178,docker_6379i,9332.0,107.15816545220746,0.0,0.0,0.0,0.0,0.0,0.0,0.0,0.0,0.0,77.0,6192.545454545455,3004.0,13063.0,8983.0,9471.0,77.0,404.0,1.0,1104.0,1104.0,1104.0,1104.0,1104.0,404.0,5926.413366336634,2704.0,12479.0,7907.0,9647.0,519.0,12152.238921001926,6676.0,18575.0,15199.0,16223.0,519.0,docker
179,docker_6379i,9772.0,102.33319688907082,0.0,0.0,0.0,0.0,0.0,0.0,0.0,0.0,0.0,91.0,6330.285714285715,3630.0,9879.0,8183.0,9487.0,91.0,386.0,1.0,1362.0,1362.0,1362.0,1362.0,1362.0,386.0,6286.808290155441,3232.0,18143.0,8543.0,9959.0,523.0,12650.665391969407,7672.0,22911.0,16335.0,18143.0,523.0,docker
180,docker_6379i,9299.0,107.53844499408538,0.0,0.0,0.0,0.0,0.0,0.0,0.0,0.0,0.0,95.0,6263.957894736842,3040.0,8903.0,8207.0,8847.0,95.0,420.0,1.0,1249.0,1249.0,1249.0,1249.0,1249.0,420.0,6134.521428571428,3550.0,15895.0,8067.0,9567.0,485.0,12320.070103092783,6504.0,21215.0,15239.0,16231.0,485.0,docker
181,docker_6379i,9355.0,106.89470871191877,0.0,0.0,0.0,0.0,0.0,0.0,0.0,0.0,0.0,99.0,6283.373737373738,2794.0,11407.0,8359.0,9287.0,99.0,403.0,1.0,1236.0,1236.0,1236.0,1236.0,1236.0,403.0,6131.5161290322585,2760.0,13007.0,7883.0,9511.0,498.0,12260.25702811245,6976.0,21647.0,15015.0,16655.0,498.0,docker
182,docker_6379i,9365.0,106.78056593699947,0.0,0.0,0.0,0.0,0.0,0.0,0.0,0.0,0.0,90.0,6126.4,2266.0,9431.0,8327.0,9319.0,90.0,402.0,1.0,1086.0,1086.0,1086.0,1086.0,1086.0,402.0,6061.753731343284,2840.0,24015.0,8131.0,9559.0,508.0,12243.527559055117,6716.0,19215.0,15143.0,16351.0,508.0,docker
183,docker_6379i,11190.0,89.36550491510278,0.0,0.0,0.0,0.0,0.0,0.0,0.0,0.0,0.0,90.0,7254.922222222222,2718.0,140287.0,8087.0,9263.0,90.0,403.0,1.0,940.0,940.0,940.0,940.0,940.0,403.0,7304.29776674938,2996.0,143103.0,8543.0,37951.0,507.0,14639.708086785009,6936.0,239103.0,15647.0,145023.0,507.0,docker
184,docker_6379i,9696.0,103.13531353135313,0.0,0.0,0.0,0.0,0.0,0.0,0.0,0.0,0.0,81.0,6378.061728395061,3526.0,10287.0,8223.0,9295.0,81.0,430.0,1.0,1175.0,1175.0,1175.0,1175.0,1175.0,430.0,6463.123255813954,2788.0,26095.0,8615.0,11351.0,489.0,12745.267893660532,5524.0,20303.0,16215.0,17951.0,489.0,docker
185,docker_6379i,9313.0,107.37678513905294,0.0,0.0,0.0,0.0,0.0,0.0,0.0,0.0,0.0,92.0,6072.195652173913,3152.0,9895.0,8527.0,9879.0,92.0,409.0,1.0,1029.0,1029.0,1029.0,1029.0,1029.0,409.0,6075.8459657701715,2444.0,42559.0,8135.0,9575.0,499.0,12215.51503006012,6568.0,22591.0,15175.0,16815.0,499.0,docker
186,docker_6379i,9212.0,108.55405992184107,0.0,0.0,0.0,0.0,0.0,0.0,0.0,0.0,0.0,79.0,6082.670886075949,3766.0,10327.0,7899.0,9607.0,79.0,435.0,1.0,1160.0,1160.0,1160.0,1160.0,1160.0,435.0,6117.579310344828,2874.0,39519.0,7963.0,9791.0,486.0,12164.588477366255,6948.0,17519.0,14871.0,16319.0,486.0,docker
187,docker_6379i,9580.0,104.38413361169103,0.0,0.0,0.0,0.0,0.0,0.0,0.0,0.0,0.0,88.0,6334.943181818182,2972.0,8999.0,8511.0,8879.0,88.0,393.0,1.0,1077.0,1077.0,1077.0,1077.0,1077.0,393.0,6131.928753180661,3154.0,22639.0,7787.0,9471.0,519.0,12431.80732177264,6768.0,21071.0,15103.0,16247.0,519.0,docker
188,docker_6379i,9402.0,106.36034886194426,0.0,0.0,0.0,0.0,0.0,0.0,0.0,0.0,0.0,88.0,6203.670454545455,4060.0,8391.0,7959.0,8231.0,88.0,414.0,1.0,1422.0,1422.0,1422.0,1422.0,1422.0,414.0,6093.398550724638,2612.0,19039.0,7859.0,9615.0,498.0,12392.136546184738,7272.0,17247.0,15191.0,16719.0,498.0,docker
189,docker_6379i,9348.0,106.97475395806589,0.0,0.0,0.0,0.0,0.0,0.0,0.0,0.0,0.0,80.0,5985.375,3380.0,9951.0,7987.0,9191.0,80.0,406.0,1.0,1058.0,1058.0,1058.0,1058.0,1058.0,406.0,6096.211822660099,2838.0,19695.0,8003.0,9431.0,514.0,12141.75486381323,6268.0,17647.0,15087.0,16623.0,514.0,docker
190,docker_6379i,9212.0,108.55405992184107,0.0,0.0,0.0,0.0,0.0,0.0,0.0,0.0,0.0,94.0,6090.297872340426,3036.0,8967.0,7731.0,8863.0,94.0,394.0,1.0,1253.0,1253.0,1253.0,1253.0,1253.0,394.0,5968.352791878173,2908.0,15847.0,7751.0,9311.0,512.0,11950.984375,7676.0,23103.0,14783.0,17471.0,512.0,docker
191,docker_6379i,9377.0,106.64391596459421,0.0,0.0,0.0,0.0,0.0,0.0,0.0,0.0,0.0,96.0,6325.03125,3238.0,11375.0,8335.0,9575.0,96.0,416.0,1.0,1376.0,1376.0,1376.0,1376.0,1376.0,416.0,6071.225961538462,2752.0,13055.0,8027.0,9407.0,488.0,12460.151639344262,6772.0,24431.0,15695.0,16831.0,488.0,docker
192,docker_6379i,9035.0,110.68068622025457,0.0,0.0,0.0,0.0,0.0,0.0,0.0,0.0,0.0,86.0,5904.430232558139,2816.0,8439.0,7883.0,8255.0,86.0,406.0,1.0,1291.0,1291.0,1291.0,1291.0,1291.0,406.0,5871.54433497537,2776.0,15743.0,7987.0,9023.0,508.0,11753.16535433071,7636.0,28703.0,14295.0,16207.0,508.0,docker
193,docker_6379i,9008.0,111.01243339253996,0.0,0.0,0.0,0.0,0.0,0.0,0.0,0.0,0.0,80.0,6113.0125,3630.0,8847.0,7827.0,8575.0,80.0,427.0,1.0,1265.0,1265.0,1265.0,1265.0,1265.0,427.0,5862.836065573771,1764.0,22223.0,8091.0,9567.0,493.0,11863.131845841785,5432.0,19007.0,14671.0,16255.0,493.0,docker
194,docker_6379i,9298.0,107.55001075500108,0.0,0.0,0.0,0.0,0.0,0.0,0.0,0.0,0.0,85.0,6211.423529411764,3376.0,9359.0,7899.0,8623.0,85.0,426.0,1.0,1227.0,1227.0,1227.0,1227.0,1227.0,426.0,6245.133802816901,2284.0,26239.0,8415.0,10327.0,489.0,12168.364008179959,5192.0,20767.0,14879.0,16055.0,489.0,docker
195,docker_6379i,9353.0,106.91756655618518,0.0,0.0,0.0,0.0,0.0,0.0,0.0,0.0,0.0,78.0,6340.333333333333,4716.0,9479.0,8051.0,8919.0,78.0,440.0,1.0,1310.0,1310.0,1310.0,1310.0,1310.0,440.0,6298.5,2964.0,16495.0,8623.0,9967.0,482.0,12315.0,6192.0,19711.0,15583.0,17071.0,482.0,docker
196,docker_6379i,9318.0,107.31916720326251,0.0,0.0,0.0,0.0,0.0,0.0,0.0,0.0,0.0,77.0,6159.415584415585,3626.0,8623.0,7967.0,8239.0,77.0,410.0,1.0,1437.0,1437.0,1437.0,1437.0,1437.0,410.0,6018.331707317073,2654.0,13015.0,8019.0,9767.0,513.0,12118.787524366471,6948.0,22767.0,15071.0,16199.0,513.0,docker
197,docker_6379i,9227.0,108.37758751490192,0.0,0.0,0.0,0.0,0.0,0.0,0.0,0.0,0.0,72.0,6253.027777777777,4152.0,8463.0,7835.0,8155.0,72.0,445.0,1.0,1253.0,1253.0,1253.0,1253.0,1253.0,445.0,6077.555056179775,2974.0,22351.0,7903.0,9575.0,483.0,12250.418219461697,7536.0,17727.0,14967.0,16215.0,483.0,docker
198,docker_6379i,9216.0,108.50694444444444,0.0,0.0,0.0,0.0,0.0,0.0,0.0,0.0,0.0,76.0,6369.118421052632,3968.0,8991.0,8027.0,8775.0,76.0,419.0,1.0,1211.0,1211.0,1211.0,1211.0,1211.0,419.0,5889.522673031026,2518.0,15231.0,7647.0,9287.0,505.0,12105.073267326732,6076.0,22047.0,15175.0,16735.0,505.0,docker
199,docker_6379i,9338.0,107.08931248661384,0.0,0.0,0.0,0.0,0.0,0.0,0.0,0.0,0.0,82.0,6088.158536585366,3142.0,8719.0,7743.0,8623.0,82.0,407.0,1.0,1311.0,1311.0,1311.0,1311.0,1311.0,407.0,6013.547911547911,3018.0,11871.0,8087.0,8919.0,511.0,12212.168297455968,7120.0,21375.0,15111.0,16767.0,511.0,docker
200,docker_6379i,9402.0,106.36034886194426,0.0,0.0,0.0,0.0,0.0,0.0,0.0,0.0,0.0,93.0,5966.677419354839,2912.0,10063.0,7975.0,8535.0,93.0,398.0,1.0,1321.0,1321.0,1321.0,1321.0,1321.0,398.0,6079.188442211055,2862.0,20527.0,8083.0,9543.0,509.0,12332.282907662082,6832.0,29887.0,15471.0,17839.0,509.0,docker
201,docker_6379i,9442.0,105.90976488032197,0.0,0.0,0.0,0.0,0.0,0.0,0.0,0.0,0.0,101.0,6103.584158415842,3092.0,10487.0,8075.0,8975.0,101.0,377.0,1.0,1370.0,1370.0,1370.0,1370.0,1370.0,377.0,6002.997347480106,3164.0,13399.0,7931.0,8871.0,522.0,12276.992337164751,7032.0,24175.0,15055.0,16279.0,522.0,docker
202,docker_6379i,9458.0,105.73059843518715,0.0,0.0,0.0,0.0,0.0,0.0,0.0,0.0,0.0,100.0,6284.98,3544.0,9791.0,8127.0,8935.0,100.0,403.0,1.0,1255.0,1255.0,1255.0,1255.0,1255.0,403.0,6174.655086848636,3046.0,23391.0,8239.0,10431.0,497.0,12383.625754527164,6748.0,31999.0,16111.0,18095.0,497.0,docker
203,docker_6379i,9646.0,103.66991499066971,0.0,0.0,0.0,0.0,0.0,0.0,0.0,0.0,0.0,70.0,5997.942857142857,3708.0,7883.0,7567.0,7731.0,70.0,381.0,1.0,1127.0,1127.0,1127.0,1127.0,1127.0,381.0,6144.832020997375,2834.0,24751.0,8311.0,9167.0,549.0,12258.065573770491,6332.0,20959.0,14743.0,16135.0,549.0,docker
204,docker_6379i,9319.0,107.30765103551883,0.0,0.0,0.0,0.0,0.0,0.0,0.0,0.0,0.0,89.0,6126.696629213483,3252.0,8775.0,7451.0,8575.0,89.0,403.0,1.0,1241.0,1241.0,1241.0,1241.0,1241.0,403.0,6038.605459057072,2830.0,13599.0,8003.0,8911.0,508.0,12185.594488188977,5868.0,20831.0,15159.0,16479.0,508.0,docker
205,docker_6379i,9107.0,109.80564401010211,0.0,0.0,0.0,0.0,0.0,0.0,0.0,0.0,0.0,89.0,6146.067415730337,3212.0,10239.0,8183.0,9031.0,89.0,428.0,1.0,1251.0,1251.0,1251.0,1251.0,1251.0,428.0,5948.485981308411,2466.0,12799.0,8047.0,9207.0,483.0,12124.757763975154,6444.0,21855.0,14871.0,15839.0,483.0,docker
206,docker_6379i,9411.0,106.25863351397301,0.0,0.0,0.0,0.0,0.0,0.0,0.0,0.0,0.0,76.0,6208.8026315789475,3752.0,9695.0,8123.0,8999.0,76.0,421.0,1.0,1292.0,1292.0,1292.0,1292.0,1292.0,421.0,6093.320665083135,2810.0,13271.0,7859.0,8991.0,503.0,12364.568588469185,6872.0,21311.0,15303.0,16639.0,503.0,docker
207,docker_6379i,9274.0,107.82833728703903,0.0,0.0,0.0,0.0,0.0,0.0,0.0,0.0,0.0,85.0,6273.15294117647,2914.0,10319.0,8423.0,8975.0,85.0,449.0,1.0,1151.0,1151.0,1151.0,1151.0,1151.0,449.0,6182.8285077951,3062.0,14991.0,8027.0,9231.0,466.0,12477.137339055795,6284.0,23535.0,15511.0,16703.0,466.0,docker
208,docker_6379i,9087.0,110.04732034774953,0.0,0.0,0.0,0.0,0.0,0.0,0.0,0.0,0.0,88.0,5946.409090909091,3596.0,9287.0,7955.0,8239.0,88.0,416.0,1.0,1265.0,1265.0,1265.0,1265.0,1265.0,416.0,6022.132211538462,2262.0,22911.0,7963.0,8935.0,496.0,11906.645161290322,5260.0,16895.0,14447.0,15855.0,496.0,docker
209,docker_6379i,9474.0,105.55203715431708,0.0,0.0,0.0,0.0,0.0,0.0,0.0,0.0,0.0,96.0,6100.479166666667,3422.0,10503.0,8103.0,9415.0,96.0,401.0,1.0,1496.0,1496.0,1496.0,1496.0,1496.0,401.0,6232.251870324189,3114.0,14367.0,8359.0,9271.0,503.0,12380.163021868788,6932.0,24527.0,15343.0,17407.0,503.0,docker
210,docker_6379i,8905.0,112.29646266142616,0.0,0.0,0.0,0.0,0.0,0.0,0.0,0.0,0.0,94.0,5945.914893617021,2866.0,9479.0,7619.0,7839.0,94.0,435.0,1.0,1416.0,1416.0,1416.0,1416.0,1416.0,435.0,5879.862068965517,2856.0,16239.0,7899.0,9711.0,471.0,11950.968152866242,7048.0,21439.0,14759.0,16559.0,471.0,docker
211,docker_6379i,9329.0,107.19262514738986,0.0,0.0,0.0,0.0,0.0,0.0,0.0,0.0,0.0,96.0,6190.25,2536.0,10471.0,7919.0,8871.0,96.0,406.0,1.0,1195.0,1195.0,1195.0,1195.0,1195.0,406.0,6100.9236453201975,2656.0,13159.0,7983.0,9479.0,498.0,12248.393574297188,6400.0,21535.0,15223.0,16527.0,498.0,docker
212,docker_6379i,9538.0,104.84378276368211,0.0,0.0,0.0,0.0,0.0,0.0,0.0,0.0,0.0,88.0,6013.579545454545,4018.0,8999.0,7539.0,8751.0,88.0,387.0,1.0,1223.0,1223.0,1223.0,1223.0,1223.0,387.0,6034.1963824289405,2742.0,13959.0,7815.0,10327.0,525.0,12408.594285714285,6032.0,26863.0,15543.0,16991.0,525.0,docker
213,docker_6379i,9239.0,108.23682216690118,0.0,0.0,0.0,0.0,0.0,0.0,0.0,0.0,0.0,82.0,6134.707317073171,2994.0,9855.0,7743.0,9151.0,82.0,443.0,1.0,1249.0,1249.0,1249.0,1249.0,1249.0,443.0,6106.7900677200905,2890.0,22815.0,7891.0,9607.0,475.0,12369.898947368421,7264.0,18079.0,15647.0,17103.0,475.0,docker
214,docker_6379i,9265.0,107.93308148947652,0.0,0.0,0.0,0.0,0.0,0.0,0.0,0.0,0.0,97.0,6062.567010309278,3074.0,8999.0,8087.0,8975.0,97.0,395.0,1.0,1303.0,1303.0,1303.0,1303.0,1303.0,395.0,5998.394936708861,2576.0,12871.0,8003.0,9111.0,508.0,12118.5,6960.0,19551.0,15023.0,15871.0,508.0,docker
215,docker_6379i,8978.0,111.38338159946537,0.0,0.0,0.0,0.0,0.0,0.0,0.0,0.0,0.0,107.0,5677.7663551401865,2898.0,12095.0,7851.0,10087.0,107.0,405.0,1.0,1026.0,1026.0,1026.0,1026.0,1026.0,405.0,5906.888888888889,2452.0,14151.0,7959.0,9423.0,488.0,11934.360655737704,5968.0,24447.0,15287.0,16239.0,488.0,docker
216,docker_6379i,9311.0,107.3998496402105,0.0,0.0,0.0,0.0,0.0,0.0,0.0,0.0,0.0,83.0,6196.831325301205,3118.0,9127.0,7803.0,8823.0,83.0,433.0,1.0,1186.0,1186.0,1186.0,1186.0,1186.0,433.0,6113.56351039261,2984.0,24703.0,7943.0,8935.0,484.0,12392.586776859504,7496.0,19087.0,15575.0,16815.0,484.0,docker
217,docker_6379i,9501.0,105.25207872855489,0.0,0.0,0.0,0.0,0.0,0.0,0.0,0.0,0.0,78.0,6215.320512820513,3732.0,10199.0,7743.0,9287.0,78.0,411.0,1.0,1417.0,1417.0,1417.0,1417.0,1417.0,411.0,6170.776155717762,2796.0,22159.0,7831.0,9903.0,511.0,12387.103718199609,6992.0,17119.0,14959.0,15975.0,511.0,docker
218,docker_6379i,9119.0,109.6611470555982,0.0,0.0,0.0,0.0,0.0,0.0,0.0,0.0,0.0,72.0,5846.125,3052.0,8719.0,7731.0,8519.0,72.0,425.0,1.0,1206.0,1206.0,1206.0,1206.0,1206.0,425.0,5965.835294117647,3022.0,22175.0,7859.0,8759.0,503.0,11956.326043737574,5564.0,20607.0,14799.0,16655.0,503.0,docker
219,docker_6379i,9984.0,100.16025641025641,0.0,0.0,0.0,0.0,0.0,0.0,0.0,0.0,0.0,71.0,7684.845070422535,2786.0,121215.0,7987.0,8831.0,71.0,430.0,1.0,1017.0,1017.0,1017.0,1017.0,1017.0,430.0,6493.1906976744185,2284.0,126143.0,7923.0,10695.0,499.0,12988.420841683366,5960.0,146431.0,15791.0,19055.0,499.0,docker
220,docker_6379i,9361.0,106.82619378271552,0.0,0.0,0.0,0.0,0.0,0.0,0.0,0.0,0.0,94.0,6247.212765957447,3396.0,12511.0,7867.0,9751.0,94.0,415.0,1.0,1193.0,1193.0,1193.0,1193.0,1193.0,415.0,6102.518072289156,2896.0,12975.0,8327.0,9847.0,491.0,12405.364562118126,5248.0,25807.0,14919.0,16639.0,491.0,docker
221,docker_6379i,9334.0,107.13520462824084,0.0,0.0,0.0,0.0,0.0,0.0,0.0,0.0,0.0,84.0,6335.083333333333,3576.0,8583.0,8183.0,8495.0,84.0,409.0,1.0,1348.0,1348.0,1348.0,1348.0,1348.0,409.0,6010.762836185819,2572.0,21887.0,7975.0,9207.0,507.0,12198.824457593688,6928.0,20847.0,15127.0,16359.0,507.0,docker
222,docker_6379i,9733.0,102.74324463166546,0.0,0.0,0.0,0.0,0.0,0.0,0.0,0.0,0.0,84.0,6342.071428571428,2964.0,9159.0,8159.0,8711.0,84.0,407.0,1.0,1327.0,1327.0,1327.0,1327.0,1327.0,407.0,6260.22113022113,3028.0,17263.0,8519.0,11007.0,509.0,12716.19253438114,6852.0,29359.0,16167.0,17471.0,509.0,docker
223,docker_6379i,9210.0,108.57763300760044,0.0,0.0,0.0,0.0,0.0,0.0,0.0,0.0,0.0,78.0,6171.948717948718,3106.0,8807.0,7799.0,8391.0,78.0,436.0,1.0,1223.0,1223.0,1223.0,1223.0,1223.0,436.0,6060.644495412844,2870.0,14487.0,7831.0,9871.0,486.0,12179.45267489712,6788.0,22495.0,14983.0,16295.0,486.0,docker
224,docker_6379i,9259.0,108.00302408467437,0.0,0.0,0.0,0.0,0.0,0.0,0.0,0.0,0.0,85.0,6142.435294117647,3990.0,10127.0,8319.0,9279.0,85.0,414.0,1.0,1280.0,1280.0,1280.0,1280.0,1280.0,414.0,6022.553140096618,2926.0,26703.0,8087.0,9175.0,501.0,12155.532934131737,7768.0,17439.0,14839.0,16007.0,501.0,docker
225,docker_6379i,9377.0,106.64391596459421,0.0,0.0,0.0,0.0,0.0,0.0,0.0,0.0,0.0,87.0,6255.413793103448,3274.0,11191.0,9319.0,9879.0,87.0,413.0,1.0,1374.0,1374.0,1374.0,1374.0,1374.0,413.0,6137.692493946731,3046.0,12319.0,8123.0,9695.0,500.0,12278.968,6912.0,22591.0,15495.0,17151.0,500.0,docker
226,docker_6379i,9426.0,106.08953957139826,0.0,0.0,0.0,0.0,0.0,0.0,0.0,0.0,0.0,79.0,6058.202531645569,3714.0,9359.0,7867.0,9263.0,79.0,411.0,1.0,1355.0,1355.0,1355.0,1355.0,1355.0,411.0,6064.815085158151,2800.0,12095.0,8027.0,9231.0,510.0,12370.188235294117,6588.0,21087.0,15455.0,16639.0,510.0,docker
227,docker_6379i,9226.0,108.38933448948623,0.0,0.0,0.0,0.0,0.0,0.0,0.0,0.0,0.0,91.0,5817.7692307692305,2148.0,9439.0,8011.0,9279.0,91.0,393.0,1.0,1281.0,1281.0,1281.0,1281.0,1281.0,393.0,5994.15776081425,2770.0,22879.0,7899.0,9287.0,516.0,11992.158914728681,5516.0,19359.0,14975.0,16767.0,516.0,docker
228,docker_6379i,9339.0,107.07784559374666,0.0,0.0,0.0,0.0,0.0,0.0,0.0,0.0,0.0,81.0,6237.6543209876545,3582.0,8727.0,8003.0,8295.0,81.0,446.0,1.0,1227.0,1227.0,1227.0,1227.0,1227.0,446.0,6215.329596412556,3124.0,13983.0,8479.0,9903.0,473.0,12466.964059196618,6824.0,20847.0,15343.0,16639.0,473.0,docker
229,docker_6379i,9173.0,109.01558922925979,0.0,0.0,0.0,0.0,0.0,0.0,0.0,0.0,0.0,76.0,5870.9473684210525,4168.0,9391.0,7495.0,9231.0,76.0,427.0,1.0,1368.0,1368.0,1368.0,1368.0,1368.0,427.0,5944.700234192038,2902.0,14719.0,7887.0,9335.0,497.0,12130.728370221328,6884.0,22111.0,14951.0,17103.0,497.0,docker
230,docker_6379i,9480.0,105.48523206751055,0.0,0.0,0.0,0.0,0.0,0.0,0.0,0.0,0.0,92.0,6327.402173913043,4024.0,10375.0,7939.0,9415.0,92.0,403.0,1.0,1165.0,1165.0,1165.0,1165.0,1165.0,403.0,6133.930521091811,2834.0,12199.0,8131.0,9591.0,505.0,12424.760396039605,7208.0,21023.0,15239.0,16687.0,505.0,docker
231,docker_6379i,9114.0,109.7213078779899,0.0,0.0,0.0,0.0,0.0,0.0,0.0,0.0,0.0,76.0,6270.039473684211,3872.0,10087.0,8103.0,9215.0,76.0,445.0,1.0,1257.0,1257.0,1257.0,1257.0,1257.0,445.0,6039.458426966292,2642.0,22127.0,8067.0,9495.0,479.0,12085.590814196243,7032.0,17839.0,14623.0,15511.0,479.0,docker
232,docker_6379i,9444.0,105.8873358746294,0.0,0.0,0.0,0.0,0.0,0.0,0.0,0.0,0.0,70.0,6121.328571428571,3356.0,9463.0,8575.0,8951.0,70.0,456.0,1.0,1401.0,1401.0,1401.0,1401.0,1401.0,456.0,6300.05701754386,2840.0,51199.0,8287.0,10135.0,474.0,12568.396624472574,6832.0,21967.0,15695.0,16815.0,474.0,docker
233,docker_6379i,9108.0,109.79358805445762,0.0,0.0,0.0,0.0,0.0,0.0,0.0,0.0,0.0,86.0,5918.941860465116,3882.0,8927.0,7279.0,8383.0,86.0,434.0,1.0,1375.0,1375.0,1375.0,1375.0,1375.0,434.0,6066.963133640553,2350.0,24047.0,8079.0,9519.0,480.0,12070.533333333333,6032.0,23583.0,14983.0,16231.0,480.0,docker
234,docker_6379i,9140.0,109.40919037199124,0.0,0.0,0.0,0.0,0.0,0.0,0.0,0.0,0.0,89.0,5940.0,2840.0,9759.0,8655.0,9383.0,89.0,424.0,1.0,1205.0,1205.0,1205.0,1205.0,1205.0,424.0,6012.981132075472,2800.0,18319.0,8223.0,10375.0,487.0,12114.52977412731,6424.0,19199.0,14951.0,15863.0,487.0,docker
235,docker_6379i,9436.0,105.977108944468,0.0,0.0,0.0,0.0,0.0,0.0,0.0,0.0,0.0,86.0,6629.337209302325,4088.0,10583.0,9135.0,9943.0,86.0,426.0,1.0,1338.0,1338.0,1338.0,1338.0,1338.0,426.0,6227.096244131455,3156.0,13631.0,8663.0,9615.0,488.0,12416.745901639344,6688.0,21007.0,15415.0,16767.0,488.0,docker
236,docker_6379i,9287.0,107.6773985140519,0.0,0.0,0.0,0.0,0.0,0.0,0.0,0.0,0.0,74.0,5994.608108108108,3424.0,9607.0,7571.0,8655.0,74.0,413.0,1.0,1436.0,1436.0,1436.0,1436.0,1436.0,413.0,6015.513317191283,3042.0,13943.0,7887.0,9071.0,513.0,12057.90253411306,6664.0,20127.0,14639.0,15759.0,513.0,docker
237,docker_6379i,9430.0,106.04453870625663,0.0,0.0,0.0,0.0,0.0,0.0,0.0,0.0,0.0,78.0,6304.410256410257,4104.0,9775.0,8135.0,9447.0,78.0,428.0,1.0,1214.0,1214.0,1214.0,1214.0,1214.0,428.0,6117.306074766355,2892.0,11711.0,8351.0,9815.0,494.0,12487.874493927126,7488.0,23647.0,15239.0,16671.0,494.0,docker
238,docker_6379i,9164.0,109.12265386294195,0.0,0.0,0.0,0.0,0.0,0.0,0.0,0.0,0.0,93.0,6009.989247311828,3506.0,11607.0,7611.0,8759.0,93.0,414.0,1.0,1384.0,1384.0,1384.0,1384.0,1384.0,414.0,5945.468599033817,2272.0,15639.0,7807.0,9255.0,493.0,12165.874239350913,7640.0,25775.0,15263.0,16239.0,493.0,docker
239,docker_6379i,9376.0,106.65529010238907,0.0,0.0,0.0,0.0,0.0,0.0,0.0,0.0,0.0,83.0,6314.265060240964,3134.0,9495.0,8095.0,9079.0,83.0,432.0,1.0,1334.0,1334.0,1334.0,1334.0,1334.0,432.0,6161.706018518518,2884.0,29759.0,8095.0,9671.0,485.0,12422.045360824743,6792.0,18943.0,15479.0,16367.0,485.0,docker
240,docker_6379i,9176.0,108.9799476896251,0.0,0.0,0.0,0.0,0.0,0.0,0.0,0.0,0.0,89.0,6055.6292134831465,2950.0,8583.0,7779.0,8163.0,89.0,419.0,1.0,1133.0,1133.0,1133.0,1133.0,1133.0,419.0,6081.262529832936,2952.0,36831.0,8099.0,10711.0,492.0,11891.512195121952,7120.0,28015.0,14735.0,16767.0,492.0,docker
241,docker_6379i,8526.0,117.28829462819611,0.0,0.0,0.0,0.0,0.0,0.0,0.0,0.0,0.0,89.0,5292.786516853933,1978.0,9279.0,7719.0,7815.0,89.0,420.0,1.0,1094.0,1094.0,1094.0,1094.0,1094.0,420.0,5719.2642857142855,1943.0,19551.0,7903.0,9671.0,491.0,11220.228105906313,4440.0,18767.0,14663.0,15991.0,491.0,docker
242,docker_6379i,9414.0,106.22477161674102,0.0,0.0,0.0,0.0,0.0,0.0,0.0,0.0,0.0,90.0,6313.9,3018.0,10111.0,8159.0,9007.0,90.0,413.0,1.0,1462.0,1462.0,1462.0,1462.0,1462.0,413.0,6181.447941888619,2900.0,20879.0,8551.0,9335.0,497.0,12352.152917505031,6792.0,19311.0,15119.0,16527.0,497.0,docker
243,docker_6379i,9140.0,109.40919037199124,0.0,0.0,0.0,0.0,0.0,0.0,0.0,0.0,0.0,85.0,5974.729411764706,2788.0,9687.0,7755.0,8703.0,85.0,427.0,1.0,1302.0,1302.0,1302.0,1302.0,1302.0,427.0,6015.599531615925,2722.0,21311.0,7967.0,9175.0,488.0,12071.758196721312,6572.0,24063.0,15255.0,16575.0,488.0,docker
244,docker_6379i,9312.0,107.38831615120274,0.0,0.0,0.0,0.0,0.0,0.0,0.0,0.0,0.0,88.0,6134.193181818182,3052.0,10247.0,7663.0,7823.0,88.0,427.0,1.0,1423.0,1423.0,1423.0,1423.0,1423.0,427.0,6084.292740046839,2652.0,13783.0,8151.0,9343.0,485.0,12419.863917525774,6452.0,23455.0,15463.0,17007.0,485.0,docker
245,docker_6379i,9568.0,104.51505016722408,0.0,0.0,0.0,0.0,0.0,0.0,0.0,0.0,0.0,101.0,6132.0990099009905,2840.0,9431.0,7771.0,8935.0,101.0,403.0,1.0,1207.0,1207.0,1207.0,1207.0,1207.0,403.0,6246.419354838709,2668.0,72703.0,8115.0,9263.0,496.0,12547.0,6960.0,19087.0,15327.0,17119.0,496.0,docker
246,docker_6379i,9653.0,103.59473738734073,0.0,0.0,0.0,0.0,0.0,0.0,0.0,0.0,0.0,89.0,6076.393258426966,2950.0,9007.0,7871.0,8423.0,89.0,382.0,1.0,1219.0,1219.0,1219.0,1219.0,1219.0,382.0,6264.8167539267015,2738.0,19999.0,8183.0,9175.0,529.0,12412.022684310019,6304.0,17967.0,15167.0,16223.0,529.0,docker
247,docker_6379i,9434.0,105.999576001696,0.0,0.0,0.0,0.0,0.0,0.0,0.0,0.0,0.0,80.0,6140.2625,3728.0,9855.0,7819.0,9639.0,80.0,386.0,1.0,1202.0,1202.0,1202.0,1202.0,1202.0,386.0,5987.774611398963,2948.0,21775.0,8035.0,9719.0,534.0,12136.827715355805,6592.0,17119.0,14895.0,16287.0,534.0,docker
248,docker_6379i,9940.0,100.6036217303823,0.0,0.0,0.0,0.0,0.0,0.0,0.0,0.0,0.0,100.0,6427.9,3362.0,10183.0,8271.0,9719.0,100.0,380.0,1.0,1397.0,1397.0,1397.0,1397.0,1397.0,380.0,6406.102631578948,3744.0,29279.0,8863.0,10527.0,520.0,12881.257692307692,6936.0,29583.0,16335.0,17759.0,520.0,docker
249,docker_6379i,9006.0,111.0370863868532,0.0,0.0,0.0,0.0,0.0,0.0,0.0,0.0,0.0,80.0,5569.75,2724.0,8751.0,7495.0,8199.0,80.0,420.0,1.0,937.0,937.0,937.0,937.0,937.0,420.0,5879.219047619048,2958.0,13663.0,7883.0,9311.0,500.0,11867.668,5084.0,30319.0,15151.0,16543.0,500.0,docker
250,docker_6379i,9212.0,108.55405992184107,0.0,0.0,0.0,0.0,0.0,0.0,0.0,0.0,0.0,87.0,6167.609195402299,4248.0,10055.0,7819.0,8383.0,87.0,415.0,1.0,1327.0,1327.0,1327.0,1327.0,1327.0,415.0,6004.6626506024095,2880.0,15959.0,8119.0,8927.0,498.0,12041.654618473896,6188.0,26655.0,14671.0,15879.0,498.0,docker
251,docker_6379i,9369.0,106.73497705197994,0.0,0.0,0.0,0.0,0.0,0.0,0.0,0.0,0.0,89.0,6089.786516853933,3134.0,10167.0,8207.0,10023.0,89.0,412.0,1.0,1785.0,1785.0,1785.0,1785.0,1785.0,412.0,6029.706310679611,2418.0,14087.0,7827.0,9575.0,499.0,12388.821643286574,6364.0,23919.0,15359.0,16511.0,499.0,docker
252,docker_6379i,9130.0,109.5290251916758,0.0,0.0,0.0,0.0,0.0,0.0,0.0,0.0,0.0,83.0,6126.506024096386,2892.0,9471.0,7787.0,9031.0,83.0,448.0,1.0,1157.0,1157.0,1157.0,1157.0,1157.0,448.0,6102.299107142857,2840.0,28575.0,8367.0,9839.0,469.0,12222.673773987206,7116.0,28879.0,14831.0,16591.0,469.0,docker
253,docker_6379i,9150.0,109.2896174863388,0.0,0.0,0.0,0.0,0.0,0.0,0.0,0.0,0.0,84.0,6393.6547619047615,3712.0,12463.0,8959.0,9359.0,84.0,427.0,1.0,1480.0,1480.0,1480.0,1480.0,1480.0,427.0,5985.391100702576,2782.0,13215.0,8223.0,9439.0,489.0,12074.081799591002,7040.0,22063.0,15031.0,16639.0,489.0,docker
254,docker_6379i,9408.0,106.29251700680273,0.0,0.0,0.0,0.0,0.0,0.0,0.0,0.0,0.0,89.0,6163.831460674157,3256.0,10415.0,8199.0,9079.0,89.0,394.0,1.0,1081.0,1081.0,1081.0,1081.0,1081.0,394.0,6006.241116751269,3120.0,22719.0,8127.0,8999.0,517.0,12258.700193423598,6260.0,17535.0,14975.0,16399.0,517.0,docker
255,docker_6379i,9348.0,106.97475395806589,0.0,0.0,0.0,0.0,0.0,0.0,0.0,0.0,0.0,95.0,6097.494736842105,4124.0,8823.0,7839.0,8263.0,95.0,409.0,1.0,1301.0,1301.0,1301.0,1301.0,1301.0,409.0,6133.860635696821,3076.0,26319.0,8447.0,9871.0,496.0,12284.04435483871,7136.0,29487.0,15679.0,17759.0,496.0,docker
256,docker_6379i,9230.0,108.34236186348862,0.0,0.0,0.0,0.0,0.0,0.0,0.0,0.0,0.0,73.0,5931.671232876713,3166.0,9015.0,7887.0,8431.0,73.0,428.0,1.0,1314.0,1314.0,1314.0,1314.0,1314.0,428.0,5982.630841121495,2966.0,13223.0,7755.0,10135.0,499.0,12165.951903807616,6976.0,22543.0,15231.0,16783.0,499.0,docker
257,docker_6379i,9283.0,107.72379618657762,0.0,0.0,0.0,0.0,0.0,0.0,0.0,0.0,0.0,64.0,6235.453125,3840.0,9479.0,8007.0,8831.0,64.0,438.0,1.0,1226.0,1226.0,1226.0,1226.0,1226.0,438.0,6137.728310502283,3102.0,15871.0,8187.0,9023.0,498.0,12109.096385542169,6748.0,22895.0,15039.0,16191.0,498.0,docker
258,docker_6379i,8861.0,112.85407967498026,0.0,0.0,0.0,0.0,0.0,0.0,0.0,0.0,0.0,81.0,6099.827160493827,4116.0,9511.0,7907.0,9127.0,81.0,431.0,1.0,1146.0,1146.0,1146.0,1146.0,1146.0,431.0,5734.0881670533645,2592.0,13871.0,7687.0,8927.0,488.0,11794.401639344262,5660.0,21487.0,14871.0,16879.0,488.0,docker
259,docker_6379i,9145.0,109.34937124111536,0.0,0.0,0.0,0.0,0.0,0.0,0.0,0.0,0.0,87.0,6035.6551724137935,2922.0,8599.0,8103.0,8487.0,87.0,433.0,1.0,1180.0,1180.0,1180.0,1180.0,1180.0,433.0,6082.198614318707,2932.0,21951.0,7947.0,10495.0,480.0,12150.508333333333,5964.0,17999.0,14751.0,16295.0,480.0,docker
260,docker_6379i,9411.0,106.25863351397301,0.0,0.0,0.0,0.0,0.0,0.0,0.0,0.0,0.0,89.0,6219.640449438202,3470.0,9687.0,8591.0,9199.0,89.0,405.0,1.0,1316.0,1316.0,1316.0,1316.0,1316.0,405.0,6132.965432098766,2834.0,13127.0,8191.0,9791.0,506.0,12298.98814229249,4864.0,23359.0,14751.0,16431.0,506.0,docker
261,docker_6379i,9284.0,107.7121930202499,0.0,0.0,0.0,0.0,0.0,0.0,0.0,0.0,0.0,90.0,6090.2444444444445,3698.0,9967.0,8059.0,9959.0,90.0,419.0,1.0,1395.0,1395.0,1395.0,1395.0,1395.0,419.0,6014.233890214797,2524.0,20159.0,8039.0,9407.0,491.0,12328.276985743381,7268.0,19135.0,15415.0,16431.0,491.0,docker
262,docker_6379i,9159.0,109.18222513374823,0.0,0.0,0.0,0.0,0.0,0.0,0.0,0.0,0.0,77.0,6301.792207792208,4344.0,11295.0,7999.0,9351.0,77.0,446.0,1.0,1461.0,1461.0,1461.0,1461.0,1461.0,446.0,5933.491031390135,3052.0,14071.0,7787.0,9287.0,477.0,12272.41928721174,6536.0,23167.0,15335.0,16463.0,477.0,docker
263,docker_6379i,9314.0,107.36525660296329,0.0,0.0,0.0,0.0,0.0,0.0,0.0,0.0,0.0,90.0,6168.311111111111,3298.0,8631.0,7703.0,8287.0,90.0,422.0,1.0,1302.0,1302.0,1302.0,1302.0,1302.0,422.0,6050.54028436019,2960.0,23903.0,7991.0,9759.0,488.0,12393.176229508197,7292.0,18447.0,15591.0,16799.0,488.0,docker
264,docker_6379i,9314.0,107.36525660296329,0.0,0.0,0.0,0.0,0.0,0.0,0.0,0.0,0.0,95.0,6372.010526315789,3558.0,8815.0,7975.0,8759.0,95.0,416.0,1.0,1291.0,1291.0,1291.0,1291.0,1291.0,416.0,6117.21875,2936.0,23791.0,8135.0,9695.0,489.0,12292.163599182004,7036.0,17663.0,15383.0,16447.0,489.0,docker
265,docker_6379i,9448.0,105.84250635055038,0.0,0.0,0.0,0.0,0.0,0.0,0.0,0.0,0.0,81.0,6173.20987654321,2868.0,10471.0,8487.0,9503.0,81.0,409.0,1.0,1206.0,1206.0,1206.0,1206.0,1206.0,409.0,6261.704156479218,2956.0,24463.0,8375.0,11199.0,510.0,12221.478431372549,6824.0,21311.0,15487.0,16735.0,510.0,docker
266,docker_6379i,9324.0,107.25010725010725,0.0,0.0,0.0,0.0,0.0,0.0,0.0,0.0,0.0,89.0,5924.38202247191,2824.0,9207.0,8063.0,8807.0,89.0,400.0,1.0,1345.0,1345.0,1345.0,1345.0,1345.0,400.0,6084.7075,2768.0,21199.0,8567.0,10783.0,511.0,12136.759295499021,5848.0,23871.0,15119.0,16671.0,511.0,docker
267,docker_6379i,9304.0,107.48065348237317,0.0,0.0,0.0,0.0,0.0,0.0,0.0,0.0,0.0,109.0,6210.788990825688,3358.0,11127.0,9063.0,10487.0,109.0,389.0,1.0,1263.0,1263.0,1263.0,1263.0,1263.0,389.0,6049.12853470437,3026.0,18639.0,7931.0,9271.0,502.0,12203.19920318725,7000.0,17311.0,14911.0,16215.0,502.0,docker
268,docker_6379i,9366.0,106.76916506512919,0.0,0.0,0.0,0.0,0.0,0.0,0.0,0.0,0.0,81.0,6176.037037037037,2978.0,9711.0,8439.0,9231.0,81.0,435.0,1.0,988.0,988.0,988.0,988.0,988.0,435.0,6171.264367816092,2582.0,25311.0,8543.0,10015.0,484.0,12427.595041322315,6176.0,20191.0,15447.0,18095.0,484.0,docker
269,docker_6379i,9312.0,107.38831615120274,0.0,0.0,0.0,0.0,0.0,0.0,0.0,0.0,0.0,67.0,5972.79104477612,2954.0,9495.0,7511.0,8783.0,67.0,408.0,1.0,1436.0,1436.0,1436.0,1436.0,1436.0,408.0,5960.696078431372,2814.0,13783.0,7771.0,9487.0,525.0,12062.236190476191,6304.0,20287.0,15119.0,16911.0,525.0,docker
270,docker_6379i,10754.0,92.98865538404314,0.0,0.0,0.0,0.0,0.0,0.0,0.0,0.0,0.0,85.0,8987.023529411765,3016.0,234367.0,7855.0,49727.0,85.0,424.0,1.0,968.0,968.0,968.0,968.0,968.0,424.0,6997.21462264151,2116.0,140799.0,8135.0,26463.0,491.0,13957.792260692464,6432.0,151423.0,15023.0,141695.0,491.0,docker
271,docker_6379i,9230.0,108.34236186348862,0.0,0.0,0.0,0.0,0.0,0.0,0.0,0.0,0.0,90.0,6309.333333333333,4440.0,10199.0,8791.0,9935.0,90.0,425.0,1.0,1302.0,1302.0,1302.0,1302.0,1302.0,425.0,6144.047058823529,3102.0,29151.0,7867.0,8999.0,485.0,12145.542268041238,7172.0,17807.0,15319.0,16383.0,485.0,docker
272,docker_6379i,9380.0,106.60980810234541,0.0,0.0,0.0,0.0,0.0,0.0,0.0,0.0,0.0,98.0,6109.397959183673,2752.0,9967.0,7867.0,9119.0,98.0,412.0,1.0,1329.0,1329.0,1329.0,1329.0,1329.0,412.0,6137.21359223301,2928.0,33471.0,8055.0,9343.0,490.0,12443.763265306123,6900.0,18639.0,15335.0,16655.0,490.0,docker
273,docker_6379i,9344.0,107.02054794520548,0.0,0.0,0.0,0.0,0.0,0.0,0.0,0.0,0.0,103.0,5864.495145631068,2666.0,8471.0,7795.0,8159.0,103.0,379.0,1.0,1286.0,1286.0,1286.0,1286.0,1286.0,379.0,6085.686015831135,3054.0,33631.0,8503.0,9679.0,518.0,12086.359073359074,7252.0,29407.0,14871.0,16847.0,518.0,docker
274,docker_6379i,9184.0,108.88501742160278,0.0,0.0,0.0,0.0,0.0,0.0,0.0,0.0,0.0,93.0,6023.956989247312,2844.0,9191.0,7823.0,8503.0,93.0,431.0,1.0,1174.0,1174.0,1174.0,1174.0,1174.0,431.0,6082.580046403712,2996.0,22623.0,7795.0,8935.0,476.0,12272.09243697479,7412.0,20959.0,15167.0,16263.0,476.0,docker
275,docker_6379i,9454.0,105.77533319229956,0.0,0.0,0.0,0.0,0.0,0.0,0.0,0.0,0.0,88.0,6236.045454545455,4224.0,10207.0,7963.0,8543.0,88.0,408.0,1.0,1186.0,1186.0,1186.0,1186.0,1186.0,408.0,6260.188725490196,2770.0,15103.0,8431.0,9615.0,504.0,12297.019841269841,6744.0,25615.0,14999.0,16287.0,504.0,docker
276,docker_6379i,8799.0,113.64927832708263,0.0,0.0,0.0,0.0,0.0,0.0,0.0,0.0,0.0,73.0,5892.835616438356,3104.0,8815.0,7719.0,7979.0,73.0,416.0,1.0,1405.0,1405.0,1405.0,1405.0,1405.0,416.0,5699.413461538462,2692.0,23295.0,7691.0,9263.0,511.0,11451.581213307241,6144.0,18303.0,14503.0,15871.0,511.0,docker
277,docker_6379i,9673.0,103.3805437816603,0.0,0.0,0.0,0.0,0.0,0.0,0.0,0.0,0.0,85.0,6494.470588235294,3410.0,14143.0,8839.0,10183.0,85.0,395.0,1.0,1330.0,1330.0,1330.0,1330.0,1330.0,395.0,6179.506329113924,2896.0,13391.0,8207.0,9111.0,520.0,12556.723076923077,7056.0,29551.0,16087.0,18431.0,520.0,docker
278,docker_6379i,9467.0,105.63008344776593,0.0,0.0,0.0,0.0,0.0,0.0,0.0,0.0,0.0,95.0,6040.336842105263,3012.0,9135.0,8063.0,8983.0,95.0,379.0,1.0,1301.0,1301.0,1301.0,1301.0,1301.0,379.0,5963.931398416887,3104.0,15591.0,7751.0,8887.0,526.0,12259.80988593156,6348.0,30783.0,15311.0,17151.0,526.0,docker
279,docker_6379i,9235.0,108.28370330265295,0.0,0.0,0.0,0.0,0.0,0.0,0.0,0.0,0.0,84.0,6056.1547619047615,3148.0,9559.0,8247.0,8567.0,84.0,411.0,1.0,1266.0,1266.0,1266.0,1266.0,1266.0,411.0,6052.909975669099,2858.0,33279.0,7835.0,9287.0,505.0,12044.118811881188,6764.0,18527.0,15079.0,16367.0,505.0,docker
280,docker_6379i,9448.0,105.84250635055038,0.0,0.0,0.0,0.0,0.0,0.0,0.0,0.0,0.0,84.0,6327.214285714285,3360.0,10279.0,8383.0,9879.0,84.0,393.0,1.0,1259.0,1259.0,1259.0,1259.0,1259.0,393.0,5991.521628498727,2858.0,15367.0,7799.0,8663.0,523.0,12256.722753346081,6316.0,20655.0,14919.0,16447.0,523.0,docker
281,docker_6379i,9477.0,105.51862403714256,0.0,0.0,0.0,0.0,0.0,0.0,0.0,0.0,0.0,114.0,6137.596491228071,3908.0,9631.0,8003.0,8847.0,114.0,393.0,1.0,1316.0,1316.0,1316.0,1316.0,1316.0,393.0,6225.977099236641,3044.0,15663.0,8327.0,9639.0,493.0,12504.486815415821,6772.0,22895.0,15455.0,16783.0,493.0,docker
282,docker_6379i,9297.0,107.56157900397977,0.0,0.0,0.0,0.0,0.0,0.0,0.0,0.0,0.0,95.0,6005.936842105263,2786.0,11215.0,8263.0,9239.0,95.0,389.0,1.0,1358.0,1358.0,1358.0,1358.0,1358.0,389.0,5999.7532133676095,2922.0,16607.0,7955.0,9927.0,516.0,12074.554263565891,7264.0,22607.0,14871.0,15919.0,516.0,docker
283,docker_6379i,8670.0,115.34025374855824,0.0,0.0,0.0,0.0,0.0,0.0,0.0,0.0,0.0,94.0,5923.553191489362,3086.0,9455.0,7843.0,9103.0,94.0,407.0,1.0,1262.0,1262.0,1262.0,1262.0,1262.0,407.0,5578.894348894349,2076.0,11207.0,7799.0,9175.0,499.0,11439.655310621243,6072.0,18559.0,14631.0,15999.0,499.0,docker
284,docker_6379i,9313.0,107.37678513905294,0.0,0.0,0.0,0.0,0.0,0.0,0.0,0.0,0.0,72.0,6194.416666666667,3584.0,8247.0,7815.0,8155.0,72.0,424.0,1.0,1363.0,1363.0,1363.0,1363.0,1363.0,424.0,6095.523584905661,3054.0,26287.0,8039.0,10047.0,504.0,12161.142857142857,6408.0,19247.0,14847.0,16911.0,504.0,docker
285,docker_6379i,9258.0,108.01468999783971,0.0,0.0,0.0,0.0,0.0,0.0,0.0,0.0,0.0,93.0,6220.752688172043,3112.0,8711.0,7923.0,8647.0,93.0,413.0,1.0,1205.0,1205.0,1205.0,1205.0,1205.0,413.0,6040.762711864407,3052.0,16879.0,8383.0,9391.0,494.0,12196.663967611335,7928.0,21471.0,15071.0,15895.0,494.0,docker
286,docker_6379i,9254.0,108.06137886319429,0.0,0.0,0.0,0.0,0.0,0.0,0.0,0.0,0.0,82.0,6123.073170731707,3052.0,12351.0,7947.0,9935.0,82.0,429.0,1.0,1322.0,1322.0,1322.0,1322.0,1322.0,429.0,6061.067599067599,3044.0,13871.0,8175.0,9191.0,489.0,12237.22290388548,7124.0,33471.0,15135.0,17535.0,489.0,docker
287,docker_6379i,9529.0,104.942806170637,0.0,0.0,0.0,0.0,0.0,0.0,0.0,0.0,0.0,91.0,6049.2307692307695,3220.0,10255.0,7683.0,8527.0,91.0,401.0,1.0,1406.0,1406.0,1406.0,1406.0,1406.0,401.0,6200.154613466334,3006.0,22479.0,8223.0,10239.0,508.0,12478.342519685038,7308.0,25775.0,15559.0,17439.0,508.0,docker
288,docker_6379i,9425.0,106.10079575596816,0.0,0.0,0.0,0.0,0.0,0.0,0.0,0.0,0.0,85.0,6160.964705882353,3218.0,9135.0,7767.0,8991.0,85.0,395.0,1.0,1383.0,1383.0,1383.0,1383.0,1383.0,395.0,5988.488607594937,2592.0,13871.0,7875.0,9183.0,520.0,12249.473076923077,6968.0,25423.0,15199.0,16527.0,520.0,docker
289,docker_6379i,9250.0,108.10810810810811,0.0,0.0,0.0,0.0,0.0,0.0,0.0,0.0,0.0,72.0,6037.263888888889,3156.0,9415.0,8759.0,9335.0,72.0,433.0,1.0,1165.0,1165.0,1165.0,1165.0,1165.0,433.0,6045.722863741339,3110.0,38815.0,8087.0,9783.0,495.0,12199.628282828282,7132.0,20895.0,15271.0,16735.0,495.0,docker
290,docker_6379i,9016.0,110.91393078970718,0.0,0.0,0.0,0.0,0.0,0.0,0.0,0.0,0.0,79.0,5996.683544303797,2390.0,9399.0,7563.0,8011.0,79.0,446.0,1.0,1563.0,1563.0,1563.0,1563.0,1563.0,446.0,5886.733183856502,2822.0,13095.0,8127.0,9591.0,475.0,12113.477894736841,6448.0,22863.0,15167.0,16399.0,475.0,docker
291,docker_6379i,9326.0,107.2271070126528,0.0,0.0,0.0,0.0,0.0,0.0,0.0,0.0,0.0,68.0,6186.058823529412,3678.0,9919.0,7983.0,9367.0,68.0,447.0,1.0,1136.0,1136.0,1136.0,1136.0,1136.0,447.0,6250.592841163311,2230.0,24095.0,8147.0,9759.0,485.0,12283.216494845361,6816.0,18863.0,15383.0,16639.0,485.0,docker
292,docker_6379i,9289.0,107.65421466250403,0.0,0.0,0.0,0.0,0.0,0.0,0.0,0.0,0.0,77.0,5952.831168831169,3142.0,9903.0,7607.0,8775.0,77.0,419.0,1.0,1270.0,1270.0,1270.0,1270.0,1270.0,419.0,6014.673031026253,3174.0,16119.0,8015.0,9647.0,504.0,12184.77380952381,6780.0,23135.0,14551.0,15831.0,504.0,docker
293,docker_6379i,9778.0,102.2704029453876,0.0,0.0,0.0,0.0,0.0,0.0,0.0,0.0,0.0,80.0,6351.8875,3334.0,11983.0,8383.0,8823.0,80.0,407.0,1.0,1279.0,1279.0,1279.0,1279.0,1279.0,407.0,6265.85257985258,2862.0,13087.0,8471.0,9927.0,513.0,12751.7738791423,6912.0,24479.0,15831.0,18143.0,513.0,docker
294,docker_6379i,9025.0,110.80332409972299,0.0,0.0,0.0,0.0,0.0,0.0,0.0,0.0,0.0,79.0,6052.987341772152,3214.0,8871.0,7815.0,8319.0,79.0,462.0,1.0,1120.0,1120.0,1120.0,1120.0,1120.0,462.0,6014.274891774891,2380.0,27599.0,7795.0,9695.0,459.0,12191.111111111111,6848.0,37727.0,15031.0,16495.0,459.0,docker
295,docker_6379i,8764.0,114.10314924691922,0.0,0.0,0.0,0.0,0.0,0.0,0.0,0.0,0.0,99.0,5512.656565656565,2526.0,8863.0,7415.0,7843.0,99.0,414.0,1.0,919.0,919.0,919.0,919.0,919.0,414.0,5801.437198067633,2318.0,18703.0,8015.0,9343.0,487.0,11621.782340862423,5760.0,24895.0,15063.0,16311.0,487.0,docker
296,docker_6379i,9470.0,105.59662090813094,0.0,0.0,0.0,0.0,0.0,0.0,0.0,0.0,0.0,87.0,6263.333333333333,3324.0,9215.0,8383.0,8991.0,87.0,419.0,1.0,1182.0,1182.0,1182.0,1182.0,1182.0,419.0,6189.047732696898,2940.0,12991.0,8191.0,9039.0,494.0,12494.554655870445,6860.0,24815.0,15103.0,17327.0,494.0,docker
297,docker_6379i,9380.0,106.60980810234541,0.0,0.0,0.0,0.0,0.0,0.0,0.0,0.0,0.0,80.0,6123.725,2866.0,9023.0,7935.0,9015.0,80.0,433.0,1.0,1153.0,1153.0,1153.0,1153.0,1153.0,433.0,6191.256351039261,2392.0,19391.0,8083.0,9311.0,487.0,12437.268993839836,6536.0,17935.0,15375.0,16559.0,487.0,docker
298,docker_6379i,9218.0,108.48340203948796,0.0,0.0,0.0,0.0,0.0,0.0,0.0,0.0,0.0,83.0,6052.987951807229,3136.0,9711.0,8655.0,8999.0,83.0,422.0,1.0,1299.0,1299.0,1299.0,1299.0,1299.0,422.0,6012.675355450237,2470.0,21599.0,7831.0,9263.0,495.0,12161.620202020202,5492.0,17999.0,14759.0,16575.0,495.0,docker
299,docker_6379i,9351.0,106.94043417816276,0.0,0.0,0.0,0.0,0.0,0.0,0.0,0.0,0.0,84.0,5982.202380952381,2502.0,8983.0,7515.0,8527.0,84.0,389.0,1.0,1508.0,1508.0,1508.0,1508.0,1508.0,389.0,6011.673521850899,3052.0,22271.0,7935.0,9231.0,527.0,12017.172675521822,6712.0,21151.0,14671.0,16007.0,527.0,docker
