,timestamp,user,pid,cpu,mem,vsz,rss,tty,stat,start,time,cmd
0,22:36:37,root,16422,99.2,0.5,520112,94.728,?,Sl,22:36,0:30,/usr/bin/qemu-system-x86_64
1,22:36:37,root,16511,100,0.5,521512,94.96,?,Sl,22:36,0:29,/usr/bin/qemu-system-x86_64
2,22:36:38,root,16422,99.3,0.5,520112,94.728,?,Sl,22:36,0:31,/usr/bin/qemu-system-x86_64
3,22:36:38,root,16511,101,0.5,521512,94.96,?,Sl,22:36,0:30,/usr/bin/qemu-system-x86_64
4,22:36:39,root,16422,96.4,0.5,520112,94.728,?,Sl,22:36,0:32,/usr/bin/qemu-system-x86_64
5,22:36:39,root,16511,97.8,0.5,521512,94.96,?,Sl,22:36,0:31,/usr/bin/qemu-system-x86_64
6,22:36:40,root,16422,96.6,0.5,520112,94.728,?,Sl,22:36,0:33,/usr/bin/qemu-system-x86_64
7,22:36:40,root,16511,98.0,0.5,521512,94.96,?,Sl,22:36,0:32,/usr/bin/qemu-system-x86_64
8,22:36:41,root,16422,96.8,0.5,520112,94.728,?,Sl,22:36,0:34,/usr/bin/qemu-system-x86_64
9,22:36:41,root,16511,98.1,0.5,521512,94.96,?,Sl,22:36,0:33,/usr/bin/qemu-system-x86_64
10,22:36:42,root,16422,96.9,0.5,520112,94.728,?,Sl,22:36,0:35,/usr/bin/qemu-system-x86_64
11,22:36:42,root,16511,98.2,0.5,521512,94.96,?,Sl,22:36,0:34,/usr/bin/qemu-system-x86_64
12,22:36:43,root,16422,97.0,0.5,520112,94.728,?,Sl,22:36,0:36,/usr/bin/qemu-system-x86_64
13,22:36:43,root,16511,98.3,0.5,521512,94.96,?,Sl,22:36,0:35,/usr/bin/qemu-system-x86_64
14,22:36:45,root,16422,97.2,0.5,520112,94.728,?,Sl,22:36,0:37,/usr/bin/qemu-system-x86_64
15,22:36:45,root,16511,98.4,0.5,521512,94.96,?,Sl,22:36,0:36,/usr/bin/qemu-system-x86_64
16,22:36:46,root,16422,97.3,0.5,520112,94.728,?,Sl,22:36,0:38,/usr/bin/qemu-system-x86_64
17,22:36:46,root,16511,98.5,0.5,521512,94.96,?,Sl,22:36,0:37,/usr/bin/qemu-system-x86_64
18,22:36:47,root,16422,97.4,0.5,520112,94.728,?,Sl,22:36,0:39,/usr/bin/qemu-system-x86_64
19,22:36:47,root,16511,98.6,0.5,521512,94.96,?,Sl,22:36,0:38,/usr/bin/qemu-system-x86_64
20,22:36:48,root,16422,97.5,0.5,520112,94.728,?,Sl,22:36,0:40,/usr/bin/qemu-system-x86_64
21,22:36:48,root,16511,98.7,0.5,521512,94.96,?,Sl,22:36,0:39,/usr/bin/qemu-system-x86_64
22,22:36:49,root,16422,97.6,0.5,520112,94.728,?,Sl,22:36,0:42,/usr/bin/qemu-system-x86_64
23,22:36:49,root,16511,98.8,0.5,521512,94.96,?,Sl,22:36,0:40,/usr/bin/qemu-system-x86_64
24,22:36:50,root,16422,97.9,0.6,520112,102.92,?,Sl,22:36,0:43,/usr/bin/qemu-system-x86_64
25,22:36:50,root,16511,99.0,0.6,521512,103.152,?,Sl,22:36,0:41,/usr/bin/qemu-system-x86_64
26,22:36:51,root,16422,98.0,0.6,520112,107.016,?,Sl,22:36,0:44,/usr/bin/qemu-system-x86_64
27,22:36:51,root,16511,99.2,0.6,521512,107.248,?,Sl,22:36,0:42,/usr/bin/qemu-system-x86_64
28,22:36:52,root,16422,98.3,0.7,520112,127.496,?,Sl,22:36,0:45,/usr/bin/qemu-system-x86_64
29,22:36:52,root,16511,99.4,0.7,521512,127.728,?,Sl,22:36,0:43,/usr/bin/qemu-system-x86_64
30,22:36:53,root,16422,98.6,0.8,520112,135.688,?,Sl,22:36,0:46,/usr/bin/qemu-system-x86_64
31,22:36:53,root,16511,99.7,0.8,521512,135.92,?,Sl,22:36,0:44,/usr/bin/qemu-system-x86_64
32,22:36:54,root,16422,98.9,0.8,520112,139.784,?,Sl,22:36,0:47,/usr/bin/qemu-system-x86_64
33,22:36:54,root,16511,100,0.8,521512,140.016,?,Sl,22:36,0:46,/usr/bin/qemu-system-x86_64
34,22:36:55,root,16422,99.2,0.9,520112,152.184,?,Sl,22:36,0:48,/usr/bin/qemu-system-x86_64
35,22:36:55,root,16511,100,0.9,521512,152.416,?,Sl,22:36,0:47,/usr/bin/qemu-system-x86_64
36,22:36:56,root,16422,99.5,1.0,520112,164.472,?,Sl,22:36,0:49,/usr/bin/qemu-system-x86_64
37,22:36:56,root,16511,100,1.0,521512,164.704,?,Sl,22:36,0:48,/usr/bin/qemu-system-x86_64
38,22:36:57,root,16422,99.7,1.0,520112,168.568,?,Rl,22:36,0:50,/usr/bin/qemu-system-x86_64
39,22:36:57,root,16511,100,1.0,521512,168.8,?,Sl,22:36,0:49,/usr/bin/qemu-system-x86_64
40,22:36:58,root,16422,99.9,1.0,520112,168.568,?,Sl,22:36,0:51,/usr/bin/qemu-system-x86_64
41,22:36:58,root,16511,101,1.1,521512,185.184,?,Sl,22:36,0:50,/usr/bin/qemu-system-x86_64
42,22:36:59,root,16422,100,1.0,520112,168.568,?,Sl,22:36,0:53,/usr/bin/qemu-system-x86_64
43,22:36:59,root,16511,101,1.1,521512,185.184,?,Sl,22:36,0:51,/usr/bin/qemu-system-x86_64
44,22:37:00,root,16422,100,1.0,520112,168.568,?,Sl,22:36,0:54,/usr/bin/qemu-system-x86_64
45,22:37:00,root,16511,101,1.1,521512,185.184,?,Sl,22:36,0:52,/usr/bin/qemu-system-x86_64
46,22:37:01,root,16422,100,1.0,520112,168.568,?,Rl,22:36,0:55,/usr/bin/qemu-system-x86_64
47,22:37:01,root,16511,101,1.1,521512,185.184,?,Sl,22:36,0:53,/usr/bin/qemu-system-x86_64
48,22:37:02,root,16422,100,1.0,520112,168.568,?,Sl,22:36,0:56,/usr/bin/qemu-system-x86_64
49,22:37:02,root,16511,101,1.1,521512,185.184,?,Rl,22:36,0:55,/usr/bin/qemu-system-x86_64
50,22:37:03,root,16422,100,1.0,520112,168.568,?,Sl,22:36,0:57,/usr/bin/qemu-system-x86_64
51,22:37:03,root,16511,102,1.1,521512,185.184,?,Sl,22:36,0:56,/usr/bin/qemu-system-x86_64
52,22:37:04,root,16422,101,1.0,520112,168.568,?,Sl,22:36,0:58,/usr/bin/qemu-system-x86_64
53,22:37:04,root,16511,102,1.1,521512,185.184,?,Sl,22:36,0:57,/usr/bin/qemu-system-x86_64
54,22:37:05,root,16422,101,1.0,520112,168.568,?,Sl,22:36,0:59,/usr/bin/qemu-system-x86_64
55,22:37:05,root,16511,102,1.1,521512,185.184,?,Rl,22:36,0:58,/usr/bin/qemu-system-x86_64
56,22:37:06,root,16422,101,1.0,520112,168.568,?,Sl,22:36,1:00,/usr/bin/qemu-system-x86_64
57,22:37:06,root,16511,102,1.1,521512,185.184,?,Sl,22:36,0:59,/usr/bin/qemu-system-x86_64
58,22:37:07,root,16422,101,1.0,520112,168.568,?,Sl,22:36,1:01,/usr/bin/qemu-system-x86_64
59,22:37:07,root,16511,102,1.1,521512,185.184,?,Sl,22:36,1:00,/usr/bin/qemu-system-x86_64
60,22:37:08,root,16422,101,1.0,520112,168.568,?,Sl,22:36,1:03,/usr/bin/qemu-system-x86_64
61,22:37:08,root,16511,102,1.1,521512,185.184,?,Sl,22:36,1:01,/usr/bin/qemu-system-x86_64
62,22:37:09,root,16422,101,1.0,520112,168.568,?,Sl,22:36,1:04,/usr/bin/qemu-system-x86_64
63,22:37:09,root,16511,102,1.1,521512,185.184,?,Sl,22:36,1:02,/usr/bin/qemu-system-x86_64
64,22:37:10,root,16422,102,1.0,520112,168.568,?,Sl,22:36,1:05,/usr/bin/qemu-system-x86_64
65,22:37:10,root,16511,103,1.1,521512,185.184,?,Rl,22:36,1:03,/usr/bin/qemu-system-x86_64
66,22:37:11,root,16422,102,1.0,520112,168.568,?,Sl,22:36,1:06,/usr/bin/qemu-system-x86_64
67,22:37:11,root,16511,103,1.1,521512,185.184,?,Sl,22:36,1:05,/usr/bin/qemu-system-x86_64
68,22:37:12,root,16422,102,1.0,520112,168.568,?,Sl,22:36,1:07,/usr/bin/qemu-system-x86_64
69,22:37:12,root,16511,103,1.1,521512,185.184,?,Sl,22:36,1:06,/usr/bin/qemu-system-x86_64
70,22:37:13,root,16422,102,1.0,520112,168.568,?,Sl,22:36,1:08,/usr/bin/qemu-system-x86_64
71,22:37:13,root,16511,103,1.1,521512,185.184,?,Sl,22:36,1:07,/usr/bin/qemu-system-x86_64
72,22:37:14,root,16422,102,1.0,520112,168.568,?,Sl,22:36,1:09,/usr/bin/qemu-system-x86_64
73,22:37:14,root,16511,103,1.1,521512,185.184,?,Sl,22:36,1:08,/usr/bin/qemu-system-x86_64
74,22:37:15,root,16422,102,1.0,520112,168.568,?,Sl,22:36,1:10,/usr/bin/qemu-system-x86_64
75,22:37:15,root,16511,103,1.1,521512,185.184,?,Sl,22:36,1:09,/usr/bin/qemu-system-x86_64
76,22:37:16,root,16422,102,1.0,520112,168.568,?,Sl,22:36,1:12,/usr/bin/qemu-system-x86_64
77,22:37:16,root,16511,103,1.1,521512,185.184,?,Sl,22:36,1:10,/usr/bin/qemu-system-x86_64
78,22:37:17,root,16422,102,1.0,520112,168.568,?,Sl,22:36,1:13,/usr/bin/qemu-system-x86_64
79,22:37:17,root,16511,104,1.1,521512,185.184,?,Sl,22:36,1:11,/usr/bin/qemu-system-x86_64
80,22:37:18,root,16422,103,1.0,520112,168.568,?,Sl,22:36,1:14,/usr/bin/qemu-system-x86_64
81,22:37:18,root,16511,104,1.1,521512,185.184,?,Sl,22:36,1:12,/usr/bin/qemu-system-x86_64
82,22:37:19,root,16422,103,1.0,520112,168.568,?,Sl,22:36,1:15,/usr/bin/qemu-system-x86_64
83,22:37:19,root,16511,104,1.1,521512,185.184,?,Sl,22:36,1:14,/usr/bin/qemu-system-x86_64
84,22:37:20,root,16422,103,1.0,520112,168.568,?,Sl,22:36,1:16,/usr/bin/qemu-system-x86_64
85,22:37:20,root,16511,104,1.1,521512,185.184,?,Sl,22:36,1:15,/usr/bin/qemu-system-x86_64
86,22:37:21,root,16422,103,1.0,520112,168.568,?,Sl,22:36,1:17,/usr/bin/qemu-system-x86_64
87,22:37:21,root,16511,104,1.1,521512,185.184,?,Sl,22:36,1:16,/usr/bin/qemu-system-x86_64
88,22:37:22,root,16422,103,1.0,520112,168.568,?,Sl,22:36,1:18,/usr/bin/qemu-system-x86_64
89,22:37:22,root,16511,104,1.1,521512,185.184,?,Sl,22:36,1:17,/usr/bin/qemu-system-x86_64
90,22:37:23,root,16422,103,1.0,520112,168.568,?,Sl,22:36,1:19,/usr/bin/qemu-system-x86_64
91,22:37:23,root,16511,104,1.1,521512,185.184,?,Sl,22:36,1:18,/usr/bin/qemu-system-x86_64
92,22:37:24,root,16422,103,1.0,520112,168.568,?,Sl,22:36,1:20,/usr/bin/qemu-system-x86_64
93,22:37:24,root,16511,104,1.1,521512,185.184,?,Sl,22:36,1:19,/usr/bin/qemu-system-x86_64
94,22:37:25,root,16422,102,1.0,520112,168.568,?,Sl,22:36,1:22,/usr/bin/qemu-system-x86_64
95,22:37:25,root,16511,103,1.1,521512,185.184,?,Sl,22:36,1:20,/usr/bin/qemu-system-x86_64
96,22:37:26,root,16422,102,1.0,520112,168.568,?,Sl,22:36,1:23,/usr/bin/qemu-system-x86_64
97,22:37:26,root,16511,103,1.1,521512,185.184,?,Sl,22:36,1:21,/usr/bin/qemu-system-x86_64
98,22:37:27,root,16422,102,1.0,520112,168.568,?,Sl,22:36,1:24,/usr/bin/qemu-system-x86_64
99,22:37:27,root,16511,103,1.1,521512,185.184,?,Sl,22:36,1:22,/usr/bin/qemu-system-x86_64
100,22:37:28,root,16422,102,1.0,520112,168.568,?,Sl,22:36,1:25,/usr/bin/qemu-system-x86_64
101,22:37:28,root,16511,103,1.1,521512,185.184,?,Sl,22:36,1:24,/usr/bin/qemu-system-x86_64
102,22:37:29,root,16422,103,1.0,520112,168.568,?,Sl,22:36,1:26,/usr/bin/qemu-system-x86_64
103,22:37:29,root,16511,103,1.1,521512,185.184,?,Sl,22:36,1:25,/usr/bin/qemu-system-x86_64
104,22:37:31,root,16422,103,1.0,520112,168.568,?,Sl,22:36,1:27,/usr/bin/qemu-system-x86_64
105,22:37:31,root,16511,103,1.1,521512,185.184,?,Sl,22:36,1:26,/usr/bin/qemu-system-x86_64
106,22:37:32,root,16422,103,1.0,520112,168.568,?,Sl,22:36,1:28,/usr/bin/qemu-system-x86_64
107,22:37:32,root,16511,104,1.1,521512,185.184,?,Sl,22:36,1:27,/usr/bin/qemu-system-x86_64
108,22:37:33,root,16422,103,1.0,520112,168.568,?,Sl,22:36,1:29,/usr/bin/qemu-system-x86_64
109,22:37:33,root,16511,104,1.1,521512,185.184,?,Sl,22:36,1:28,/usr/bin/qemu-system-x86_64
110,22:37:34,root,16422,103,1.0,520112,168.568,?,Sl,22:36,1:30,/usr/bin/qemu-system-x86_64
111,22:37:34,root,16511,104,1.1,521512,185.184,?,Sl,22:36,1:29,/usr/bin/qemu-system-x86_64
112,22:37:35,root,16422,103,1.0,520112,168.568,?,Sl,22:36,1:32,/usr/bin/qemu-system-x86_64
113,22:37:35,root,16511,104,1.1,521512,185.184,?,Sl,22:36,1:30,/usr/bin/qemu-system-x86_64
114,22:37:36,root,16422,103,1.0,520112,168.568,?,Sl,22:36,1:33,/usr/bin/qemu-system-x86_64
115,22:37:36,root,16511,104,1.1,521512,185.184,?,Sl,22:36,1:31,/usr/bin/qemu-system-x86_64
116,22:37:37,root,16422,103,1.1,520112,184.952,?,Sl,22:36,1:34,/usr/bin/qemu-system-x86_64
117,22:37:37,root,16511,104,1.1,521512,185.184,?,Sl,22:36,1:32,/usr/bin/qemu-system-x86_64
118,22:37:38,root,16422,103,1.1,520112,184.952,?,Sl,22:36,1:35,/usr/bin/qemu-system-x86_64
119,22:37:38,root,16511,104,1.1,521512,185.184,?,Sl,22:36,1:33,/usr/bin/qemu-system-x86_64
120,22:37:39,root,16422,103,1.1,520112,184.952,?,Rl,22:36,1:36,/usr/bin/qemu-system-x86_64
121,22:37:39,root,16511,104,1.1,521512,185.184,?,Rl,22:36,1:35,/usr/bin/qemu-system-x86_64
122,22:37:40,root,16422,103,1.1,520112,184.952,?,Sl,22:36,1:37,/usr/bin/qemu-system-x86_64
123,22:37:40,root,16511,104,1.1,521512,185.184,?,Sl,22:36,1:36,/usr/bin/qemu-system-x86_64
124,22:37:41,root,16422,103,1.1,520112,184.952,?,Sl,22:36,1:38,/usr/bin/qemu-system-x86_64
125,22:37:41,root,16511,104,1.1,521512,185.184,?,Sl,22:36,1:37,/usr/bin/qemu-system-x86_64
126,22:37:42,root,16422,104,1.1,520112,184.952,?,Sl,22:36,1:39,/usr/bin/qemu-system-x86_64
127,22:37:42,root,16511,104,1.1,521512,185.184,?,Sl,22:36,1:38,/usr/bin/qemu-system-x86_64
128,22:37:43,root,16422,104,1.1,520112,184.952,?,Sl,22:36,1:41,/usr/bin/qemu-system-x86_64
129,22:37:43,root,16511,104,1.1,521512,185.184,?,Sl,22:36,1:39,/usr/bin/qemu-system-x86_64
130,22:37:44,root,16422,104,1.1,520112,184.952,?,Sl,22:36,1:42,/usr/bin/qemu-system-x86_64
131,22:37:44,root,16511,104,1.1,521512,185.184,?,Sl,22:36,1:40,/usr/bin/qemu-system-x86_64
132,22:37:45,root,16422,104,1.1,520112,184.952,?,Sl,22:36,1:43,/usr/bin/qemu-system-x86_64
133,22:37:45,root,16511,104,1.1,521512,185.184,?,Sl,22:36,1:41,/usr/bin/qemu-system-x86_64
134,22:37:46,root,16422,104,1.1,520112,184.952,?,Sl,22:36,1:44,/usr/bin/qemu-system-x86_64
135,22:37:46,root,16511,104,1.1,521512,185.184,?,Rl,22:36,1:42,/usr/bin/qemu-system-x86_64
136,22:37:47,root,16422,104,1.1,520112,184.952,?,Rl,22:36,1:45,/usr/bin/qemu-system-x86_64
137,22:37:47,root,16511,104,1.1,521512,185.184,?,Rl,22:36,1:43,/usr/bin/qemu-system-x86_64
138,22:37:48,root,16422,104,1.1,520112,184.952,?,Sl,22:36,1:46,/usr/bin/qemu-system-x86_64
139,22:37:48,root,16511,104,1.1,521512,185.184,?,Sl,22:36,1:44,/usr/bin/qemu-system-x86_64
140,22:37:49,root,16422,104,1.1,520112,184.952,?,Sl,22:36,1:47,/usr/bin/qemu-system-x86_64
141,22:37:49,root,16511,105,1.1,521512,185.184,?,Sl,22:36,1:46,/usr/bin/qemu-system-x86_64
142,22:37:50,root,16422,104,1.1,520112,184.952,?,Sl,22:36,1:48,/usr/bin/qemu-system-x86_64
143,22:37:50,root,16511,105,1.1,521512,185.184,?,Sl,22:36,1:47,/usr/bin/qemu-system-x86_64
144,22:37:51,root,16422,104,1.1,520112,184.952,?,Sl,22:36,1:49,/usr/bin/qemu-system-x86_64
145,22:37:51,root,16511,105,1.1,521512,185.184,?,Sl,22:36,1:48,/usr/bin/qemu-system-x86_64
146,22:37:52,root,16422,104,1.1,520112,184.952,?,Sl,22:36,1:50,/usr/bin/qemu-system-x86_64
147,22:37:52,root,16511,105,1.1,521512,185.184,?,Sl,22:36,1:49,/usr/bin/qemu-system-x86_64
148,22:37:53,root,16422,104,1.1,520112,184.952,?,Sl,22:36,1:51,/usr/bin/qemu-system-x86_64
149,22:37:53,root,16511,105,1.1,521512,185.184,?,Sl,22:36,1:50,/usr/bin/qemu-system-x86_64
150,22:37:54,root,16422,104,1.1,520112,184.952,?,Sl,22:36,1:52,/usr/bin/qemu-system-x86_64
151,22:37:54,root,16511,105,1.1,521512,185.184,?,Sl,22:36,1:51,/usr/bin/qemu-system-x86_64
152,22:37:55,root,16422,104,1.1,520112,184.952,?,Sl,22:36,1:53,/usr/bin/qemu-system-x86_64
153,22:37:55,root,16511,105,1.1,521512,185.184,?,Sl,22:36,1:52,/usr/bin/qemu-system-x86_64
154,22:37:56,root,16422,104,1.1,520112,184.952,?,Sl,22:36,1:54,/usr/bin/qemu-system-x86_64
155,22:37:56,root,16511,104,1.1,521512,185.184,?,Sl,22:36,1:53,/usr/bin/qemu-system-x86_64
156,22:37:57,root,16422,104,1.1,520112,184.952,?,Sl,22:36,1:55,/usr/bin/qemu-system-x86_64
157,22:37:57,root,16511,104,1.1,521512,185.184,?,Sl,22:36,1:54,/usr/bin/qemu-system-x86_64
158,22:37:58,root,16422,104,1.1,520112,184.952,?,Sl,22:36,1:56,/usr/bin/qemu-system-x86_64
159,22:37:58,root,16511,105,1.1,521512,185.184,?,Sl,22:36,1:55,/usr/bin/qemu-system-x86_64
160,22:37:59,root,16422,104,1.1,520112,184.952,?,Sl,22:36,1:58,/usr/bin/qemu-system-x86_64
161,22:37:59,root,16511,105,1.1,521512,185.184,?,Sl,22:36,1:56,/usr/bin/qemu-system-x86_64
162,22:38:00,root,16422,104,1.1,520112,184.952,?,Sl,22:36,1:59,/usr/bin/qemu-system-x86_64
163,22:38:00,root,16511,105,1.1,521512,185.184,?,Rl,22:36,1:57,/usr/bin/qemu-system-x86_64
164,22:38:01,root,16422,104,1.1,520112,184.952,?,Sl,22:36,2:00,/usr/bin/qemu-system-x86_64
165,22:38:01,root,16511,105,1.1,521512,185.184,?,Sl,22:36,1:58,/usr/bin/qemu-system-x86_64
166,22:38:02,root,16422,104,1.1,520112,184.952,?,Sl,22:36,2:01,/usr/bin/qemu-system-x86_64
167,22:38:02,root,16511,105,1.1,521512,185.184,?,Sl,22:36,2:00,/usr/bin/qemu-system-x86_64
168,22:38:03,root,16422,104,1.1,520112,184.952,?,Sl,22:36,2:02,/usr/bin/qemu-system-x86_64
169,22:38:03,root,16511,105,1.1,521512,185.184,?,Sl,22:36,2:01,/usr/bin/qemu-system-x86_64
170,22:38:04,root,16422,104,1.1,520112,184.952,?,Sl,22:36,2:03,/usr/bin/qemu-system-x86_64
171,22:38:04,root,16511,105,1.1,521512,185.184,?,Sl,22:36,2:02,/usr/bin/qemu-system-x86_64
172,22:38:05,root,16422,104,1.1,520112,184.952,?,Sl,22:36,2:04,/usr/bin/qemu-system-x86_64
173,22:38:05,root,16511,105,1.1,521512,185.184,?,Sl,22:36,2:03,/usr/bin/qemu-system-x86_64
174,22:38:06,root,16422,104,1.1,520112,184.952,?,Sl,22:36,2:05,/usr/bin/qemu-system-x86_64
175,22:38:06,root,16511,105,1.1,521512,185.184,?,Sl,22:36,2:04,/usr/bin/qemu-system-x86_64
176,22:38:07,root,16422,104,1.1,520112,184.952,?,Sl,22:36,2:06,/usr/bin/qemu-system-x86_64
177,22:38:07,root,16511,105,1.1,521512,185.184,?,Sl,22:36,2:05,/usr/bin/qemu-system-x86_64
178,22:38:08,root,16422,105,1.1,520112,184.952,?,Sl,22:36,2:08,/usr/bin/qemu-system-x86_64
179,22:38:08,root,16511,105,1.1,521512,185.184,?,Sl,22:36,2:06,/usr/bin/qemu-system-x86_64
180,22:38:09,root,16422,105,1.1,520112,184.952,?,Sl,22:36,2:09,/usr/bin/qemu-system-x86_64
181,22:38:09,root,16511,105,1.1,521512,185.184,?,Sl,22:36,2:07,/usr/bin/qemu-system-x86_64
182,22:38:10,root,16422,105,1.1,520112,184.952,?,Sl,22:36,2:10,/usr/bin/qemu-system-x86_64
183,22:38:10,root,16511,105,1.1,521512,185.184,?,Rl,22:36,2:08,/usr/bin/qemu-system-x86_64
184,22:38:11,root,16422,105,1.1,520112,184.952,?,Sl,22:36,2:11,/usr/bin/qemu-system-x86_64
185,22:38:11,root,16511,105,1.1,521512,185.184,?,Sl,22:36,2:10,/usr/bin/qemu-system-x86_64
186,22:38:12,root,16422,104,1.1,520112,184.952,?,Sl,22:36,2:12,/usr/bin/qemu-system-x86_64
187,22:38:12,root,16511,104,1.1,521512,185.184,?,Rl,22:36,2:11,/usr/bin/qemu-system-x86_64
188,22:38:13,root,16422,104,1.1,520112,184.952,?,Sl,22:36,2:13,/usr/bin/qemu-system-x86_64
189,22:38:13,root,16511,104,1.1,521512,185.184,?,Sl,22:36,2:12,/usr/bin/qemu-system-x86_64
190,22:38:14,root,16422,104,1.1,520112,184.952,?,Sl,22:36,2:14,/usr/bin/qemu-system-x86_64
191,22:38:14,root,16511,104,1.1,521512,185.184,?,Sl,22:36,2:13,/usr/bin/qemu-system-x86_64
192,22:38:15,root,16422,104,1.1,520112,184.952,?,Sl,22:36,2:15,/usr/bin/qemu-system-x86_64
193,22:38:15,root,16511,105,1.1,521512,185.184,?,Sl,22:36,2:14,/usr/bin/qemu-system-x86_64
194,22:38:17,root,16422,104,1.1,520112,184.952,?,Sl,22:36,2:16,/usr/bin/qemu-system-x86_64
195,22:38:17,root,16511,105,1.1,521512,185.184,?,Sl,22:36,2:15,/usr/bin/qemu-system-x86_64
196,22:38:18,root,16422,104,1.1,520112,184.952,?,Sl,22:36,2:18,/usr/bin/qemu-system-x86_64
197,22:38:18,root,16511,105,1.1,521512,185.184,?,Sl,22:36,2:16,/usr/bin/qemu-system-x86_64
198,22:38:19,root,16422,104,1.1,520112,184.952,?,Sl,22:36,2:19,/usr/bin/qemu-system-x86_64
199,22:38:19,root,16511,105,1.1,521512,185.184,?,Sl,22:36,2:17,/usr/bin/qemu-system-x86_64
200,22:38:20,root,16422,104,1.1,520112,184.952,?,Sl,22:36,2:20,/usr/bin/qemu-system-x86_64
201,22:38:20,root,16511,105,1.1,521512,185.184,?,Sl,22:36,2:18,/usr/bin/qemu-system-x86_64
202,22:38:21,root,16422,104,1.1,520112,184.952,?,Rl,22:36,2:21,/usr/bin/qemu-system-x86_64
203,22:38:21,root,16511,105,1.1,521512,185.184,?,Sl,22:36,2:19,/usr/bin/qemu-system-x86_64
204,22:38:22,root,16422,104,1.1,520112,184.952,?,Rl,22:36,2:22,/usr/bin/qemu-system-x86_64
205,22:38:22,root,16511,105,1.1,521512,185.184,?,Rl,22:36,2:21,/usr/bin/qemu-system-x86_64
206,22:38:23,root,16422,104,1.1,520112,184.952,?,Sl,22:36,2:23,/usr/bin/qemu-system-x86_64
207,22:38:23,root,16511,105,1.1,521512,185.184,?,Sl,22:36,2:22,/usr/bin/qemu-system-x86_64
208,22:38:24,root,16422,104,1.1,520112,184.952,?,Sl,22:36,2:24,/usr/bin/qemu-system-x86_64
209,22:38:24,root,16511,105,1.1,521512,185.184,?,Sl,22:36,2:23,/usr/bin/qemu-system-x86_64
210,22:38:25,root,16422,104,1.1,520112,184.952,?,Sl,22:36,2:25,/usr/bin/qemu-system-x86_64
211,22:38:25,root,16511,105,1.1,521512,185.184,?,Sl,22:36,2:24,/usr/bin/qemu-system-x86_64
212,22:38:26,root,16422,105,1.1,520112,184.952,?,Sl,22:36,2:27,/usr/bin/qemu-system-x86_64
213,22:38:26,root,16511,105,1.1,521512,185.184,?,Sl,22:36,2:25,/usr/bin/qemu-system-x86_64
214,22:38:27,root,16422,105,1.1,520112,184.952,?,Sl,22:36,2:28,/usr/bin/qemu-system-x86_64
215,22:38:27,root,16511,105,1.1,521512,185.184,?,Sl,22:36,2:26,/usr/bin/qemu-system-x86_64
216,22:38:28,root,16422,105,1.1,520112,184.952,?,Sl,22:36,2:29,/usr/bin/qemu-system-x86_64
217,22:38:28,root,16511,105,1.1,521512,185.184,?,Sl,22:36,2:27,/usr/bin/qemu-system-x86_64
218,22:38:29,root,16422,105,1.1,520112,184.952,?,Sl,22:36,2:30,/usr/bin/qemu-system-x86_64
219,22:38:29,root,16511,105,1.1,521512,185.184,?,Sl,22:36,2:28,/usr/bin/qemu-system-x86_64
220,22:38:30,root,16422,105,1.1,520112,184.952,?,Rl,22:36,2:31,/usr/bin/qemu-system-x86_64
221,22:38:30,root,16511,105,1.1,521512,185.184,?,Sl,22:36,2:29,/usr/bin/qemu-system-x86_64
222,22:38:31,root,16422,105,1.1,520112,184.952,?,Rl,22:36,2:32,/usr/bin/qemu-system-x86_64
223,22:38:31,root,16511,105,1.1,521512,185.184,?,Sl,22:36,2:31,/usr/bin/qemu-system-x86_64
224,22:38:32,root,16422,105,1.1,520112,184.952,?,Sl,22:36,2:33,/usr/bin/qemu-system-x86_64
225,22:38:32,root,16511,105,1.1,521512,185.184,?,Sl,22:36,2:32,/usr/bin/qemu-system-x86_64
226,22:38:33,root,16422,105,1.1,520112,184.952,?,Sl,22:36,2:34,/usr/bin/qemu-system-x86_64
227,22:38:33,root,16511,105,1.1,521512,185.184,?,Sl,22:36,2:33,/usr/bin/qemu-system-x86_64
228,22:38:34,root,16422,105,1.1,520112,184.952,?,Sl,22:36,2:35,/usr/bin/qemu-system-x86_64
229,22:38:34,root,16511,105,1.1,521512,185.184,?,Sl,22:36,2:34,/usr/bin/qemu-system-x86_64
230,22:38:35,root,16422,105,1.1,520112,184.952,?,Sl,22:36,2:36,/usr/bin/qemu-system-x86_64
231,22:38:35,root,16511,105,1.1,521512,185.184,?,Sl,22:36,2:35,/usr/bin/qemu-system-x86_64
232,22:38:36,root,16422,105,1.1,520112,184.952,?,Sl,22:36,2:37,/usr/bin/qemu-system-x86_64
233,22:38:36,root,16511,105,1.1,521512,185.184,?,Sl,22:36,2:36,/usr/bin/qemu-system-x86_64
234,22:38:37,root,16422,105,1.1,520112,184.952,?,Sl,22:36,2:39,/usr/bin/qemu-system-x86_64
235,22:38:37,root,16511,105,1.1,521512,185.184,?,Sl,22:36,2:37,/usr/bin/qemu-system-x86_64
236,22:38:38,root,16422,105,1.1,520112,184.952,?,Sl,22:36,2:40,/usr/bin/qemu-system-x86_64
237,22:38:38,root,16511,105,1.1,521512,185.184,?,Sl,22:36,2:38,/usr/bin/qemu-system-x86_64
238,22:38:39,root,16422,105,1.1,520112,184.952,?,Sl,22:36,2:41,/usr/bin/qemu-system-x86_64
239,22:38:39,root,16511,105,1.1,521512,185.184,?,Sl,22:36,2:40,/usr/bin/qemu-system-x86_64
240,22:38:40,root,16422,105,1.1,520112,184.952,?,Sl,22:36,2:42,/usr/bin/qemu-system-x86_64
241,22:38:40,root,16511,105,1.1,521512,185.184,?,Sl,22:36,2:41,/usr/bin/qemu-system-x86_64
242,22:38:41,root,16422,105,1.1,520112,184.952,?,Rl,22:36,2:43,/usr/bin/qemu-system-x86_64
243,22:38:41,root,16511,106,1.1,521512,185.184,?,Sl,22:36,2:42,/usr/bin/qemu-system-x86_64
244,22:38:42,root,16422,105,1.1,520112,184.952,?,Sl,22:36,2:44,/usr/bin/qemu-system-x86_64
245,22:38:42,root,16511,106,1.1,521512,185.184,?,Rl,22:36,2:43,/usr/bin/qemu-system-x86_64
246,22:38:43,root,16422,105,1.1,520112,184.952,?,Rl,22:36,2:45,/usr/bin/qemu-system-x86_64
247,22:38:43,root,16511,106,1.1,521512,185.184,?,Sl,22:36,2:44,/usr/bin/qemu-system-x86_64
248,22:38:44,root,16422,105,1.1,520112,184.952,?,Sl,22:36,2:46,/usr/bin/qemu-system-x86_64
249,22:38:44,root,16511,106,1.1,521512,185.184,?,Sl,22:36,2:45,/usr/bin/qemu-system-x86_64
250,22:38:45,root,16422,105,1.1,520112,184.952,?,Sl,22:36,2:48,/usr/bin/qemu-system-x86_64
251,22:38:45,root,16511,106,1.1,521512,185.184,?,Sl,22:36,2:46,/usr/bin/qemu-system-x86_64
252,22:38:46,root,16422,105,1.1,520112,184.952,?,Rl,22:36,2:49,/usr/bin/qemu-system-x86_64
253,22:38:46,root,16511,106,1.1,521512,185.184,?,Sl,22:36,2:47,/usr/bin/qemu-system-x86_64
254,22:38:47,root,16422,105,1.1,520112,184.952,?,Sl,22:36,2:50,/usr/bin/qemu-system-x86_64
255,22:38:47,root,16511,106,1.1,521512,185.184,?,Sl,22:36,2:48,/usr/bin/qemu-system-x86_64
256,22:38:48,root,16422,105,1.1,520112,184.952,?,Sl,22:36,2:51,/usr/bin/qemu-system-x86_64
257,22:38:48,root,16511,106,1.1,521512,185.184,?,Sl,22:36,2:50,/usr/bin/qemu-system-x86_64
258,22:38:49,root,16422,105,1.1,520112,184.952,?,Sl,22:36,2:52,/usr/bin/qemu-system-x86_64
259,22:38:49,root,16511,106,1.1,521512,185.184,?,Sl,22:36,2:51,/usr/bin/qemu-system-x86_64
260,22:38:50,root,16422,105,1.1,520112,184.952,?,Rl,22:36,2:53,/usr/bin/qemu-system-x86_64
261,22:38:50,root,16511,106,1.1,521512,185.184,?,Sl,22:36,2:52,/usr/bin/qemu-system-x86_64
262,22:38:51,root,16422,105,1.1,520112,184.952,?,Sl,22:36,2:54,/usr/bin/qemu-system-x86_64
263,22:38:51,root,16511,106,1.1,521512,185.184,?,Sl,22:36,2:53,/usr/bin/qemu-system-x86_64
264,22:38:52,root,16422,105,1.1,520112,184.952,?,Sl,22:36,2:55,/usr/bin/qemu-system-x86_64
265,22:38:52,root,16511,106,1.1,521512,185.184,?,Sl,22:36,2:54,/usr/bin/qemu-system-x86_64
266,22:38:53,root,16422,105,1.1,520112,184.952,?,Sl,22:36,2:56,/usr/bin/qemu-system-x86_64
267,22:38:53,root,16511,106,1.1,521512,185.184,?,Sl,22:36,2:55,/usr/bin/qemu-system-x86_64
268,22:38:54,root,16422,105,1.1,520112,184.952,?,Sl,22:36,2:57,/usr/bin/qemu-system-x86_64
269,22:38:54,root,16511,106,1.1,521512,185.184,?,Sl,22:36,2:56,/usr/bin/qemu-system-x86_64
270,22:38:55,root,16422,105,1.1,520112,184.952,?,Sl,22:36,2:58,/usr/bin/qemu-system-x86_64
271,22:38:55,root,16511,106,1.1,521512,185.184,?,Sl,22:36,2:57,/usr/bin/qemu-system-x86_64
272,22:38:56,root,16422,105,1.1,520112,184.952,?,Sl,22:36,3:00,/usr/bin/qemu-system-x86_64
273,22:38:56,root,16511,106,1.1,521512,185.184,?,Sl,22:36,2:58,/usr/bin/qemu-system-x86_64
274,22:38:57,root,16422,105,1.1,520112,184.952,?,Sl,22:36,3:01,/usr/bin/qemu-system-x86_64
275,22:38:57,root,16511,105,1.1,521512,185.184,?,Sl,22:36,2:59,/usr/bin/qemu-system-x86_64
276,22:38:58,root,16422,105,1.1,520112,184.952,?,Sl,22:36,3:02,/usr/bin/qemu-system-x86_64
277,22:38:58,root,16511,105,1.1,521512,185.184,?,Sl,22:36,3:00,/usr/bin/qemu-system-x86_64
278,22:38:59,root,16422,105,1.1,520112,184.952,?,Sl,22:36,3:03,/usr/bin/qemu-system-x86_64
279,22:38:59,root,16511,105,1.1,521512,185.184,?,Sl,22:36,3:01,/usr/bin/qemu-system-x86_64
280,22:39:00,root,16422,105,1.1,520112,184.952,?,Sl,22:36,3:04,/usr/bin/qemu-system-x86_64
281,22:39:00,root,16511,105,1.1,521512,185.184,?,Sl,22:36,3:02,/usr/bin/qemu-system-x86_64
282,22:39:01,root,16422,105,1.1,520112,184.952,?,Sl,22:36,3:05,/usr/bin/qemu-system-x86_64
283,22:39:01,root,16511,105,1.1,521512,185.184,?,Sl,22:36,3:04,/usr/bin/qemu-system-x86_64
284,22:39:03,root,16422,105,1.1,520112,184.952,?,Sl,22:36,3:06,/usr/bin/qemu-system-x86_64
285,22:39:03,root,16511,105,1.1,521512,185.184,?,Sl,22:36,3:05,/usr/bin/qemu-system-x86_64
286,22:39:04,root,16422,105,1.1,520112,184.952,?,Sl,22:36,3:07,/usr/bin/qemu-system-x86_64
287,22:39:04,root,16511,105,1.1,521512,185.184,?,Sl,22:36,3:06,/usr/bin/qemu-system-x86_64
288,22:39:05,root,16422,105,1.1,520112,184.952,?,Sl,22:36,3:08,/usr/bin/qemu-system-x86_64
289,22:39:05,root,16511,105,1.1,521512,185.184,?,Sl,22:36,3:07,/usr/bin/qemu-system-x86_64
290,22:39:06,root,16422,105,1.1,520112,184.952,?,Rl,22:36,3:09,/usr/bin/qemu-system-x86_64
291,22:39:06,root,16511,105,1.1,521512,185.184,?,Sl,22:36,3:08,/usr/bin/qemu-system-x86_64
292,22:39:07,root,16422,105,1.1,520112,184.952,?,Sl,22:36,3:10,/usr/bin/qemu-system-x86_64
293,22:39:07,root,16511,105,1.1,521512,185.184,?,Sl,22:36,3:09,/usr/bin/qemu-system-x86_64
294,22:39:08,root,16422,105,1.1,520112,184.952,?,Sl,22:36,3:11,/usr/bin/qemu-system-x86_64
295,22:39:08,root,16511,105,1.1,521512,185.184,?,Sl,22:36,3:10,/usr/bin/qemu-system-x86_64
296,22:39:09,root,16422,105,1.1,520112,184.952,?,Rl,22:36,3:12,/usr/bin/qemu-system-x86_64
297,22:39:09,root,16511,105,1.1,521512,185.184,?,Sl,22:36,3:11,/usr/bin/qemu-system-x86_64
298,22:39:10,root,16422,105,1.1,520112,184.952,?,Sl,22:36,3:14,/usr/bin/qemu-system-x86_64
299,22:39:10,root,16511,105,1.1,521512,185.184,?,Sl,22:36,3:12,/usr/bin/qemu-system-x86_64
300,22:39:11,root,16422,105,1.1,520112,184.952,?,Sl,22:36,3:15,/usr/bin/qemu-system-x86_64
301,22:39:11,root,16511,105,1.1,521512,185.184,?,Sl,22:36,3:13,/usr/bin/qemu-system-x86_64
302,22:39:12,root,16422,105,1.1,520112,184.952,?,Sl,22:36,3:16,/usr/bin/qemu-system-x86_64
303,22:39:12,root,16511,105,1.1,521512,185.184,?,Sl,22:36,3:14,/usr/bin/qemu-system-x86_64
304,22:39:13,root,16422,105,1.1,520112,184.952,?,Sl,22:36,3:17,/usr/bin/qemu-system-x86_64
305,22:39:13,root,16511,106,1.1,521512,185.184,?,Sl,22:36,3:16,/usr/bin/qemu-system-x86_64
306,22:39:14,root,16422,105,1.1,520112,184.952,?,Sl,22:36,3:18,/usr/bin/qemu-system-x86_64
307,22:39:14,root,16511,106,1.1,521512,185.184,?,Sl,22:36,3:17,/usr/bin/qemu-system-x86_64
308,22:39:15,root,16422,105,1.1,520112,184.952,?,Sl,22:36,3:19,/usr/bin/qemu-system-x86_64
309,22:39:15,root,16511,106,1.1,521512,185.184,?,Sl,22:36,3:18,/usr/bin/qemu-system-x86_64
310,22:39:16,root,16422,105,1.1,520112,184.952,?,Sl,22:36,3:20,/usr/bin/qemu-system-x86_64
311,22:39:16,root,16511,106,1.1,521512,185.184,?,Sl,22:36,3:19,/usr/bin/qemu-system-x86_64
312,22:39:17,root,16422,105,1.1,520112,184.952,?,Sl,22:36,3:21,/usr/bin/qemu-system-x86_64
313,22:39:17,root,16511,106,1.1,521512,185.184,?,Sl,22:36,3:20,/usr/bin/qemu-system-x86_64
314,22:39:18,root,16422,105,1.1,520112,184.952,?,Sl,22:36,3:23,/usr/bin/qemu-system-x86_64
315,22:39:18,root,16511,106,1.1,521512,185.184,?,Sl,22:36,3:21,/usr/bin/qemu-system-x86_64
316,22:39:19,root,16422,105,1.1,520112,184.952,?,Sl,22:36,3:24,/usr/bin/qemu-system-x86_64
317,22:39:19,root,16511,106,1.1,521512,185.184,?,Sl,22:36,3:22,/usr/bin/qemu-system-x86_64
318,22:39:20,root,16422,105,1.1,520112,184.952,?,Sl,22:36,3:25,/usr/bin/qemu-system-x86_64
319,22:39:20,root,16511,106,1.1,521512,185.184,?,Sl,22:36,3:23,/usr/bin/qemu-system-x86_64
320,22:39:21,root,16422,105,1.1,520112,184.952,?,Sl,22:36,3:26,/usr/bin/qemu-system-x86_64
321,22:39:21,root,16511,106,1.1,521512,185.184,?,Sl,22:36,3:24,/usr/bin/qemu-system-x86_64
322,22:39:22,root,16422,105,1.1,520112,184.952,?,Sl,22:36,3:27,/usr/bin/qemu-system-x86_64
323,22:39:22,root,16511,106,1.1,521512,185.184,?,Sl,22:36,3:26,/usr/bin/qemu-system-x86_64
324,22:39:23,root,16422,105,1.1,520112,184.952,?,Rl,22:36,3:28,/usr/bin/qemu-system-x86_64
325,22:39:23,root,16511,106,1.1,521512,185.184,?,Sl,22:36,3:27,/usr/bin/qemu-system-x86_64
326,22:39:24,root,16422,105,1.1,520112,184.952,?,Rl,22:36,3:29,/usr/bin/qemu-system-x86_64
327,22:39:24,root,16511,106,1.1,521512,185.184,?,Sl,22:36,3:28,/usr/bin/qemu-system-x86_64
328,22:39:25,root,16422,105,1.1,520112,184.952,?,Sl,22:36,3:30,/usr/bin/qemu-system-x86_64
329,22:39:25,root,16511,106,1.1,521512,185.184,?,Sl,22:36,3:29,/usr/bin/qemu-system-x86_64
330,22:39:26,root,16422,105,1.1,520112,184.952,?,Sl,22:36,3:31,/usr/bin/qemu-system-x86_64
331,22:39:26,root,16511,106,1.1,521512,185.184,?,Sl,22:36,3:30,/usr/bin/qemu-system-x86_64
332,22:39:27,root,16422,105,1.1,520112,184.952,?,Sl,22:36,3:33,/usr/bin/qemu-system-x86_64
333,22:39:27,root,16511,106,1.1,521512,185.184,?,Sl,22:36,3:31,/usr/bin/qemu-system-x86_64
334,22:39:28,root,16422,105,1.1,520112,184.952,?,Rl,22:36,3:34,/usr/bin/qemu-system-x86_64
335,22:39:28,root,16511,106,1.1,521512,185.184,?,Sl,22:36,3:32,/usr/bin/qemu-system-x86_64
336,22:39:29,root,16422,106,1.1,520112,184.952,?,Sl,22:36,3:35,/usr/bin/qemu-system-x86_64
337,22:39:29,root,16511,106,1.1,521512,185.184,?,Sl,22:36,3:33,/usr/bin/qemu-system-x86_64
338,22:39:30,root,16422,106,1.1,520112,184.952,?,Sl,22:36,3:36,/usr/bin/qemu-system-x86_64
339,22:39:30,root,16511,106,1.1,521512,185.184,?,Sl,22:36,3:34,/usr/bin/qemu-system-x86_64
340,22:39:31,root,16422,106,1.1,520112,184.952,?,Sl,22:36,3:37,/usr/bin/qemu-system-x86_64
341,22:39:31,root,16511,106,1.1,521512,185.184,?,Sl,22:36,3:35,/usr/bin/qemu-system-x86_64
342,22:39:32,root,16422,106,1.1,520112,184.952,?,Sl,22:36,3:38,/usr/bin/qemu-system-x86_64
343,22:39:32,root,16511,106,1.1,521512,185.184,?,Sl,22:36,3:37,/usr/bin/qemu-system-x86_64
344,22:39:33,root,16422,106,1.1,520112,184.952,?,Sl,22:36,3:39,/usr/bin/qemu-system-x86_64
345,22:39:33,root,16511,106,1.1,521512,185.184,?,Sl,22:36,3:38,/usr/bin/qemu-system-x86_64
346,22:39:34,root,16422,106,1.1,520112,184.952,?,Sl,22:36,3:40,/usr/bin/qemu-system-x86_64
347,22:39:34,root,16511,106,1.1,521512,185.184,?,Sl,22:36,3:39,/usr/bin/qemu-system-x86_64
348,22:39:35,root,16422,106,1.1,520112,184.952,?,Sl,22:36,3:41,/usr/bin/qemu-system-x86_64
349,22:39:35,root,16511,106,1.1,521512,185.184,?,Sl,22:36,3:40,/usr/bin/qemu-system-x86_64
350,22:39:36,root,16422,106,1.1,520112,184.952,?,Sl,22:36,3:42,/usr/bin/qemu-system-x86_64
351,22:39:36,root,16511,106,1.1,521512,185.184,?,Sl,22:36,3:41,/usr/bin/qemu-system-x86_64
352,22:39:37,root,16422,106,1.1,520112,184.952,?,Sl,22:36,3:44,/usr/bin/qemu-system-x86_64
353,22:39:37,root,16511,106,1.1,521512,185.184,?,Sl,22:36,3:42,/usr/bin/qemu-system-x86_64
354,22:39:38,root,16422,106,1.1,520112,184.952,?,Sl,22:36,3:45,/usr/bin/qemu-system-x86_64
355,22:39:38,root,16511,106,1.1,521512,185.184,?,Rl,22:36,3:43,/usr/bin/qemu-system-x86_64
356,22:39:39,root,16422,106,1.1,520112,184.952,?,Sl,22:36,3:46,/usr/bin/qemu-system-x86_64
357,22:39:39,root,16511,106,1.1,521512,185.184,?,Sl,22:36,3:44,/usr/bin/qemu-system-x86_64
358,22:39:40,root,16422,106,1.1,520112,184.952,?,Sl,22:36,3:47,/usr/bin/qemu-system-x86_64
359,22:39:40,root,16511,106,1.1,521512,185.184,?,Sl,22:36,3:45,/usr/bin/qemu-system-x86_64
360,22:39:41,root,16422,106,1.1,520112,184.952,?,Sl,22:36,3:48,/usr/bin/qemu-system-x86_64
361,22:39:41,root,16511,106,1.1,521512,185.184,?,Rl,22:36,3:46,/usr/bin/qemu-system-x86_64
362,22:39:42,root,16422,106,1.1,520112,184.952,?,Sl,22:36,3:49,/usr/bin/qemu-system-x86_64
363,22:39:42,root,16511,106,1.1,521512,185.184,?,Sl,22:36,3:48,/usr/bin/qemu-system-x86_64
364,22:39:43,root,16422,106,1.1,520112,184.952,?,Sl,22:36,3:50,/usr/bin/qemu-system-x86_64
365,22:39:43,root,16511,106,1.1,521512,185.184,?,Sl,22:36,3:49,/usr/bin/qemu-system-x86_64
366,22:39:44,root,16422,105,1.1,520112,184.952,?,Sl,22:36,3:51,/usr/bin/qemu-system-x86_64
367,22:39:44,root,16511,106,1.1,521512,185.184,?,Sl,22:36,3:50,/usr/bin/qemu-system-x86_64
368,22:39:45,root,16422,105,1.1,520112,184.952,?,Sl,22:36,3:52,/usr/bin/qemu-system-x86_64
369,22:39:45,root,16511,106,1.1,521512,185.184,?,Sl,22:36,3:51,/usr/bin/qemu-system-x86_64
370,22:39:46,root,16422,105,1.1,520112,184.952,?,Sl,22:36,3:53,/usr/bin/qemu-system-x86_64
371,22:39:46,root,16511,106,1.1,521512,185.184,?,Sl,22:36,3:52,/usr/bin/qemu-system-x86_64
372,22:39:47,root,16422,105,1.1,520112,184.952,?,Sl,22:36,3:55,/usr/bin/qemu-system-x86_64
373,22:39:47,root,16511,106,1.1,521512,185.184,?,Sl,22:36,3:53,/usr/bin/qemu-system-x86_64
374,22:39:48,root,16422,105,1.1,520112,184.952,?,Sl,22:36,3:56,/usr/bin/qemu-system-x86_64
375,22:39:48,root,16511,106,1.1,521512,185.184,?,Sl,22:36,3:54,/usr/bin/qemu-system-x86_64
376,22:39:50,root,16422,105,1.1,520112,184.952,?,Sl,22:36,3:57,/usr/bin/qemu-system-x86_64
377,22:39:50,root,16511,106,1.1,521512,185.184,?,Sl,22:36,3:55,/usr/bin/qemu-system-x86_64
378,22:39:51,root,16422,105,1.1,520112,184.952,?,Sl,22:36,3:58,/usr/bin/qemu-system-x86_64
379,22:39:51,root,16511,106,1.1,521512,185.184,?,Sl,22:36,3:56,/usr/bin/qemu-system-x86_64
380,22:39:52,root,16422,105,1.1,520112,184.952,?,Sl,22:36,3:59,/usr/bin/qemu-system-x86_64
381,22:39:52,root,16511,106,1.1,521512,185.184,?,Sl,22:36,3:57,/usr/bin/qemu-system-x86_64
382,22:39:53,root,16422,105,1.1,520112,184.952,?,Sl,22:36,4:00,/usr/bin/qemu-system-x86_64
383,22:39:53,root,16511,106,1.1,521512,185.184,?,Sl,22:36,3:59,/usr/bin/qemu-system-x86_64
384,22:39:54,root,16422,105,1.1,520112,184.952,?,Sl,22:36,4:01,/usr/bin/qemu-system-x86_64
385,22:39:54,root,16511,106,1.1,521512,185.184,?,Sl,22:36,4:00,/usr/bin/qemu-system-x86_64
386,22:39:55,root,16422,105,1.1,520112,184.952,?,Sl,22:36,4:02,/usr/bin/qemu-system-x86_64
387,22:39:55,root,16511,106,1.1,521512,185.184,?,Sl,22:36,4:01,/usr/bin/qemu-system-x86_64
388,22:39:56,root,16422,106,1.1,520112,184.952,?,Rl,22:36,4:03,/usr/bin/qemu-system-x86_64
389,22:39:56,root,16511,106,1.1,521512,185.184,?,Sl,22:36,4:02,/usr/bin/qemu-system-x86_64
390,22:39:57,root,16422,106,1.1,520112,184.952,?,Sl,22:36,4:04,/usr/bin/qemu-system-x86_64
391,22:39:57,root,16511,106,1.1,521512,185.184,?,Sl,22:36,4:03,/usr/bin/qemu-system-x86_64
392,22:39:58,root,16422,106,1.1,520112,184.952,?,Sl,22:36,4:06,/usr/bin/qemu-system-x86_64
393,22:39:58,root,16511,106,1.1,521512,185.184,?,Sl,22:36,4:04,/usr/bin/qemu-system-x86_64
394,22:39:59,root,16422,106,1.1,520112,184.952,?,Sl,22:36,4:07,/usr/bin/qemu-system-x86_64
395,22:39:59,root,16511,106,1.1,521512,185.184,?,Sl,22:36,4:05,/usr/bin/qemu-system-x86_64
396,22:40:00,root,16422,106,1.1,520112,184.952,?,Sl,22:36,4:08,/usr/bin/qemu-system-x86_64
397,22:40:00,root,16511,106,1.1,521512,185.184,?,Sl,22:36,4:06,/usr/bin/qemu-system-x86_64
398,22:40:01,root,16422,106,1.1,520112,184.952,?,Sl,22:36,4:09,/usr/bin/qemu-system-x86_64
399,22:40:01,root,16511,106,1.1,521512,185.184,?,Sl,22:36,4:07,/usr/bin/qemu-system-x86_64
400,22:40:02,root,16422,106,1.1,520112,184.952,?,Sl,22:36,4:10,/usr/bin/qemu-system-x86_64
401,22:40:02,root,16511,106,1.1,521512,185.184,?,Sl,22:36,4:09,/usr/bin/qemu-system-x86_64
402,22:40:03,root,16422,106,1.1,520112,184.952,?,Sl,22:36,4:11,/usr/bin/qemu-system-x86_64
403,22:40:03,root,16511,106,1.1,521512,185.184,?,Sl,22:36,4:10,/usr/bin/qemu-system-x86_64
404,22:40:04,root,16422,106,1.1,520112,184.952,?,Sl,22:36,4:12,/usr/bin/qemu-system-x86_64
405,22:40:04,root,16511,106,1.1,521512,185.184,?,Sl,22:36,4:11,/usr/bin/qemu-system-x86_64
406,22:40:05,root,16422,106,1.1,520112,184.952,?,Sl,22:36,4:13,/usr/bin/qemu-system-x86_64
407,22:40:05,root,16511,106,1.1,521512,185.184,?,Sl,22:36,4:12,/usr/bin/qemu-system-x86_64
408,22:40:06,root,16422,106,1.1,520112,184.952,?,Sl,22:36,4:14,/usr/bin/qemu-system-x86_64
409,22:40:06,root,16511,106,1.1,521512,185.184,?,Sl,22:36,4:13,/usr/bin/qemu-system-x86_64
410,22:40:07,root,16422,106,1.1,520112,184.952,?,Sl,22:36,4:15,/usr/bin/qemu-system-x86_64
411,22:40:07,root,16511,106,1.1,521512,185.184,?,Sl,22:36,4:14,/usr/bin/qemu-system-x86_64
412,22:40:08,root,16422,106,1.1,520112,184.952,?,Sl,22:36,4:16,/usr/bin/qemu-system-x86_64
413,22:40:08,root,16511,106,1.1,521512,185.184,?,Sl,22:36,4:15,/usr/bin/qemu-system-x86_64
414,22:40:09,root,16422,106,1.1,520112,184.952,?,Sl,22:36,4:17,/usr/bin/qemu-system-x86_64
415,22:40:09,root,16511,106,1.1,521512,185.184,?,Sl,22:36,4:16,/usr/bin/qemu-system-x86_64
416,22:40:10,root,16422,106,1.1,520112,184.952,?,Sl,22:36,4:19,/usr/bin/qemu-system-x86_64
417,22:40:10,root,16511,106,1.1,521512,185.184,?,Sl,22:36,4:17,/usr/bin/qemu-system-x86_64
418,22:40:11,root,16422,106,1.1,520112,184.952,?,Sl,22:36,4:20,/usr/bin/qemu-system-x86_64
419,22:40:11,root,16511,106,1.1,521512,185.184,?,Sl,22:36,4:18,/usr/bin/qemu-system-x86_64
420,22:40:12,root,16422,106,1.1,520112,184.952,?,Sl,22:36,4:21,/usr/bin/qemu-system-x86_64
421,22:40:12,root,16511,106,1.1,521512,185.184,?,Sl,22:36,4:19,/usr/bin/qemu-system-x86_64
422,22:40:13,root,16422,106,1.1,520112,184.952,?,Sl,22:36,4:22,/usr/bin/qemu-system-x86_64
423,22:40:13,root,16511,106,1.1,521512,185.184,?,Sl,22:36,4:20,/usr/bin/qemu-system-x86_64
424,22:40:14,root,16422,106,1.1,520112,184.952,?,Sl,22:36,4:23,/usr/bin/qemu-system-x86_64
425,22:40:14,root,16511,106,1.1,521512,185.184,?,Sl,22:36,4:21,/usr/bin/qemu-system-x86_64
426,22:40:15,root,16422,106,1.1,520112,184.952,?,Sl,22:36,4:24,/usr/bin/qemu-system-x86_64
427,22:40:15,root,16511,106,1.1,521512,185.184,?,Sl,22:36,4:22,/usr/bin/qemu-system-x86_64
428,22:40:16,root,16422,106,1.1,520112,184.952,?,Sl,22:36,4:25,/usr/bin/qemu-system-x86_64
429,22:40:16,root,16511,106,1.1,521512,185.184,?,Sl,22:36,4:23,/usr/bin/qemu-system-x86_64
430,22:40:17,root,16422,106,1.1,520112,184.952,?,Sl,22:36,4:26,/usr/bin/qemu-system-x86_64
431,22:40:17,root,16511,106,1.1,521512,185.184,?,Sl,22:36,4:24,/usr/bin/qemu-system-x86_64
432,22:40:18,root,16422,106,1.1,520112,184.952,?,Sl,22:36,4:27,/usr/bin/qemu-system-x86_64
433,22:40:18,root,16511,106,1.1,521512,185.184,?,Sl,22:36,4:25,/usr/bin/qemu-system-x86_64
434,22:40:19,root,16422,106,1.1,520112,184.952,?,Sl,22:36,4:28,/usr/bin/qemu-system-x86_64
435,22:40:19,root,16511,106,1.1,521512,185.184,?,Sl,22:36,4:26,/usr/bin/qemu-system-x86_64
436,22:40:20,root,16422,106,1.1,520112,184.952,?,Sl,22:36,4:29,/usr/bin/qemu-system-x86_64
437,22:40:20,root,16511,106,1.1,521512,185.184,?,Sl,22:36,4:27,/usr/bin/qemu-system-x86_64
